index,SMILES,Polymer,__fingerprint_success__,afp_C2_C4_C4,afp_C2_C4_H1,afp_C3_C3_C3,afp_C3_C3_C4,afp_C3_C3_H1,afp_C3_C3_O1,afp_C3_C3_O2,afp_C3_C3_S2,afp_C3_C3_S4,afp_C3_C4_C3,afp_C3_C4_C4,afp_C3_C4_H1,afp_C3_C4_O2,afp_C3_N3_C4,afp_C3_N3_H1,afp_C3_O2_C3,afp_C3_O2_C4,afp_C3_O2_H1,afp_C3_S2_C3,afp_C3_S4_C3,afp_C3_S4_O1,afp_C4_C2_N1,afp_C4_C3_H1,afp_C4_C3_N3,afp_C4_C3_O1,afp_C4_C3_O2,afp_C4_C4_C4,afp_C4_C4_F1,afp_C4_C4_H1,afp_C4_C4_N3,afp_C4_C4_O2,afp_C4_C4_Si4,afp_C4_N3_H1,afp_C4_O2_C4,afp_C4_Si4_C4,afp_C4_Si4_O2,afp_F1_C4_F1,afp_H1_C4_H1,afp_H1_C4_N3,afp_H1_C4_O2,afp_H1_C4_Si4,afp_N3_C3_O1,afp_O1_C3_O2,afp_O1_S4_O1,afp_O2_C3_O2,afp_O2_Si4_O2,afp_Si4_C4_Si4,afp_Si4_O2_Si4,bfp_101,bfp_112,bfp_113,bfp_114,bfp_145,bfp_197,bfp_198,bfp_199,bfp_208,bfp_209,bfp_215,bfp_218,bfp_22,bfp_222,bfp_223,bfp_225,bfp_23,bfp_248,bfp_249,bfp_267,bfp_282,bfp_289,bfp_294,bfp_295,bfp_299,bfp_3,bfp_304,bfp_305,bfp_311,bfp_312,bfp_313,bfp_314,bfp_315,bfp_316,bfp_328,bfp_334,bfp_340,bfp_342,bfp_343,bfp_344,bfp_348,bfp_349,bfp_350,bfp_354,bfp_355,bfp_359,bfp_360,bfp_361,bfp_375,bfp_379,bfp_386,bfp_398,bfp_423,bfp_424,bfp_426,bfp_428,bfp_430,bfp_448,bfp_451,bfp_458,bfp_461,bfp_464,bfp_481,bfp_483,bfp_510,bfp_58,bfp_78,bfp_81,bfp_85,bfp_98,bfp_99,efp_3v_main,efp_3v_side,efp_4v_main,efp_4v_side,efp_fam_acrylate,efp_fam_carbonateester,efp_fam_ketone,efp_fam_polyamides,efp_fam_single,efp_main_chain_rel,efp_main_chain_ring,efp_norm_mol_wt,efp_numatoms_none_H,efp_ring,efp_ring_dist_shortest,efp_side_chain_abs,mfp_Chi0n,mfp_Chi0v,mfp_Chi1n,mfp_Chi1v,mfp_Chi2n,mfp_Chi2v,mfp_MQNs13,mfp_MQNs14,mfp_MQNs15,mfp_MQNs16,mfp_MQNs17,mfp_MQNs18,mfp_MQNs19,mfp_MQNs20,mfp_MQNs21,mfp_MQNs22,mfp_MQNs23,mfp_MQNs24,mfp_MQNs25,mfp_MQNs26,mfp_MQNs27,mfp_MQNs28,mfp_MQNs29,mfp_MQNs30,mfp_MQNs31,mfp_MQNs32,mfp_MQNs33,mfp_MQNs34,mfp_MQNs35,mfp_MQNs36,mfp_MQNs37,mfp_MQNs38,mfp_MQNs39,mfp_MQNs40,mfp_MQNs41,mfp_MQNs42,mfp_NumAliphaticRings,mfp_NumAromaticRings,mfp_tpsa
0,[*]CC([*])C,poly(prop-1-ene),1,0.0,0.0,0.0,0.0,0.0,0.0,0.0,0.0,0.0,0.0,0.0,0.0,0.0,0.0,0.0,0.0,0.0,0.0,0.0,0.0,0.0,0.0,0.0,0.0,0.0,0.0,0.4444444444444444,0.0,1.1111111111111112,0.0,0.0,0.0,0.0,0.0,0.0,0.0,0.0,0.4444444444444444,0.0,0.0,0.0,0.0,0.0,0.0,0.0,0.0,0.0,0.0,0.0,0.0,0.0,0.0,0.0,0.0,0.0,0.0,0.0,0.0,0.0,0.0,0.0,0.0,0.0,0.0,0.0,0.0,0.0,0.4444444444444444,0.4444444444444444,0.3333333333333333,0.0,0.0,0.0,0.0,1.3333333333333333,0.0,0.0,0.0,0.0,0.0,0.2222222222222222,0.0,0.0,0.6666666666666666,0.0,0.0,0.0,0.0,0.0,0.6666666666666666,0.0,0.0,0.0,0.3333333333333333,0.0,0.0,0.0,0.0,0.0,0.0,0.0,0.0,0.0,0.0,0.0,0.0,0.0,2.6666666666666665,0.0,0.0,0.0,0.0,0.0,0.0,0.0,0.0,0.0,0.0,0.0,0.5,0.0,0.0,0.0,0.0,0.0,0.0,0.0,1,0.2222222222222222,0.0,0.38963888888889747,0.3333333333333333,0.0,0.0,0.0,0.8333333333333334,0.16666666666666666,0.4166666666666667,0.08333333333333333,0.05555555555555555,0.05555555555555555,1.0,0.0,0.0,0.0,0.0,0.0,0.3333333333333333,0.0,0.0,0.0,0.0,0.0,0.0,0.0,0.0,0.0,0.3333333333333333,0.0,0.0,0.0,0.0,0.0,0.0,0.0,0.0,0.0,0.0,0.0,0.0,0.0,0.0,0.0,0.0
1,[*]CC([*])(C)C,polyisobutylene,1,0.0,0.0,0.0,0.0,0.0,0.0,0.0,0.0,0.0,0.0,0.0,0.0,0.0,0.0,0.0,0.0,0.0,0.0,0.0,0.0,0.0,0.0,0.0,0.0,0.0,0.0,0.5833333333333334,0.0,0.8333333333333334,0.0,0.0,0.0,0.0,0.0,0.0,0.0,0.0,0.5833333333333334,0.0,0.0,0.0,0.0,0.0,0.0,0.0,0.0,0.0,0.0,0.0,0.0,0.0,0.0,0.0,0.0,0.0,0.0,0.0,0.0,0.0,0.0,0.0,0.0,0.0,0.0,0.0,0.0,0.4166666666666667,0.6666666666666666,0.0,0.25,0.0,0.0,0.0,0.0,1.75,0.0,0.0,0.0,0.0,0.0,0.0,0.0,0.0,0.6666666666666666,0.0,0.0,0.0,0.0,0.0,0.6666666666666666,0.0,0.0,0.0,0.3333333333333333,0.0,0.08333333333333333,0.0,0.0,0.0,0.0,0.0,0.0,0.0,0.0,0.0,0.0,0.0,0.0,0.0,0.0,0.0,0.0,0.0,0.0,0.0,0.0,0.0,0.0,0.0,0.0,0.0,0.5,0.0,0.0,0.0,0.0,0.0,1,0.16666666666666666,0.0,0.3896388888888917,0.3333333333333333,0.0,0.0,0.0,0.8333333333333334,0.16666666666666666,0.4166666666666667,0.08333333333333333,0.07291666666666659,0.07291666666666667,1.0,0.0,0.0,0.0,0.0,0.0,0.3333333333333333,0.0,0.0,0.0,0.0,0.0,0.0,0.0,0.0,0.0,0.3333333333333333,0.0,0.0,0.0,0.0,0.0,0.0,0.0,0.0,0.0,0.0,0.0,0.0,0.0,0.0,0.0,0.0
2,[*]C[*],Linear HDPE,1,0.0,0.0,0.0,0.0,0.0,0.0,0.0,0.0,0.0,0.0,0.0,0.0,0.0,0.0,0.0,0.0,0.0,0.0,0.0,0.0,0.0,0.0,0.0,0.0,0.0,0.0,0.3333333333333333,0.0,1.3333333333333333,0.0,0.0,0.0,0.0,0.0,0.0,0.0,0.0,0.3333333333333333,0.0,0.0,0.0,0.0,0.0,0.0,0.0,0.0,0.0,0.0,0.0,0.0,0.0,0.0,0.0,3.0,0.0,0.0,0.0,0.0,0.0,0.0,0.0,0.0,0.0,0.0,0.0,0.0,0.0,0.0,0.0,1.0,0.0,0.0,0.0,0.0,1.0,0.0,0.0,0.0,0.0,0.0,0.0,0.0,0.0,0.6666666666666666,0.0,0.0,0.0,0.0,0.0,0.6666666666666666,0.0,0.0,0.0,0.3333333333333333,0.0,0.0,0.0,0.0,0.0,0.0,0.0,0.0,0.0,0.0,0.0,0.0,0.0,0.0,0.0,0.0,0.0,0.0,0.0,0.0,0.0,0.0,0.0,0.0,0.0,0.0,0.0,0.0,0.0,0.0,0.0,0.0,0.0,1,0.3333333333333333,0.0,0.3896388888888869,0.3333333333333333,0.0,0.0,0.0,0.8333333333333334,0.16666666666666666,0.4166666666666667,0.08333333333333333,0.041666666666666664,0.041666666666666664,1.0,0.0,0.0,0.0,0.0,0.0,0.3333333333333333,0.0,0.0,0.0,0.0,0.0,0.0,0.0,0.0,0.0,0.3333333333333333,0.0,0.0,0.0,0.0,0.0,0.0,0.0,0.0,0.0,0.0,0.0,0.0,0.0,0.0,0.0,0.0
3,[*]CC([*])c1ccccc1,polystyrene,1,0.0,0.0,0.375,0.125,0.625,0.0,0.0,0.0,0.0,0.0,0.125,0.0625,0.0,0.0,0.0,0.0,0.0,0.0,0.0,0.0,0.0,0.0,0.0,0.0,0.0,0.0,0.125,0.0,0.375,0.0,0.0,0.0,0.0,0.0,0.0,0.0,0.0,0.0625,0.0,0.0,0.0,0.0,0.0,0.0,0.0,0.0,0.0,0.0,0.0,0.6875,0.6875,0.0,0.0,0.0,0.0,0.0,0.0,0.0,0.0,0.0,0.0,0.375,0.0,0.0,0.0,0.0,0.0,0.0,0.25,0.1875,0.0,0.0,0.0,1.8125,0.75,0.0,0.0,0.0,0.0,0.625,0.125,0.0,0.0,0.375,0.0,0.0,0.75,0.0,0.0,0.5,0.0,0.0,0.0,0.5,0.0,0.0,0.0,0.0,0.0,0.0,0.0,0.0,0.0,0.0,0.0,0.0,0.0,0.0,0.0,0.0,0.0,0.0,0.0,0.8125,0.0,0.0,0.0,0.0,0.0,0.5,2.0,0.0,0.0,0.0,0.0,0.0,0.0,0,0.125,0.0,0.5424583333333336,0.5,0.75,0.2,0.6666666666666666,0.75,0.25,0.390625,0.140625,0.09375,0.09375,0.6875,0.0,0.0,0.1875,0.1875,0.0,0.1875,0.0,0.0,0.0,0.0,0.0,0.0,0.0,0.0,0.0,0.125,0.0,0.375,0.0,0.0,0.0,0.0,0.0625,0.0,0.0,0.0,0.0,0.0,0.0,0.0,0.0625,0.0
4,[*]CC([*])CCC,poly(pent-1-ene),1,0.0,0.0,0.0,0.0,0.0,0.0,0.0,0.0,0.0,0.0,0.0,0.0,0.0,0.0,0.0,0.0,0.0,0.0,0.0,0.0,0.0,0.0,0.0,0.0,0.0,0.0,0.4,0.0,1.2,0.0,0.0,0.0,0.0,0.0,0.0,0.0,0.0,0.4,0.0,0.0,0.0,0.0,0.0,0.0,0.0,0.0,0.0,0.0,0.0,0.0,0.0,0.0,0.0,0.0,0.0,0.0,0.0,0.0,0.0,0.0,0.0,0.0,0.0,0.0,0.0,0.0,0.0,0.26666666666666666,0.26666666666666666,0.6,0.0,0.0,0.0,0.0,1.2,0.0,0.0,0.0,0.0,0.0,0.13333333333333333,0.0,0.0,0.6666666666666666,0.0,0.0,0.0,0.0,0.0,0.6666666666666666,0.0,0.0,0.0,0.3333333333333333,0.0,0.0,0.0,0.0,0.0,0.0,0.0,0.0,0.0,0.0,0.0,0.0,0.0,0.0,0.0,0.0,0.0,0.0,0.0,0.0,0.0,0.0,0.0,0.0,0.0,0.5,0.0,0.0,0.0,0.0,0.0,0.0,0.0,1,0.13333333333333333,0.0,0.389638888888892,0.3333333333333333,0.0,0.0,0.3333333333333333,0.8333333333333334,0.16666666666666666,0.4166666666666667,0.08333333333333333,0.04999999999999997,0.05,1.0,0.0,0.0,0.0,0.0,0.0,0.3333333333333333,0.0,0.0,0.0,0.0,0.0,0.0,0.0,0.0,0.0,0.3333333333333333,0.0,0.0,0.0,0.0,0.0,0.0,0.0,0.0,0.0,0.0,0.0,0.0,0.0,0.0,0.0,0.0
5,[*]C[*],polyethene,1,0.0,0.0,0.0,0.0,0.0,0.0,0.0,0.0,0.0,0.0,0.0,0.0,0.0,0.0,0.0,0.0,0.0,0.0,0.0,0.0,0.0,0.0,0.0,0.0,0.0,0.0,0.3333333333333333,0.0,1.3333333333333333,0.0,0.0,0.0,0.0,0.0,0.0,0.0,0.0,0.3333333333333333,0.0,0.0,0.0,0.0,0.0,0.0,0.0,0.0,0.0,0.0,0.0,0.0,0.0,0.0,0.0,3.0,0.0,0.0,0.0,0.0,0.0,0.0,0.0,0.0,0.0,0.0,0.0,0.0,0.0,0.0,0.0,1.0,0.0,0.0,0.0,0.0,1.0,0.0,0.0,0.0,0.0,0.0,0.0,0.0,0.0,0.6666666666666666,0.0,0.0,0.0,0.0,0.0,0.6666666666666666,0.0,0.0,0.0,0.3333333333333333,0.0,0.0,0.0,0.0,0.0,0.0,0.0,0.0,0.0,0.0,0.0,0.0,0.0,0.0,0.0,0.0,0.0,0.0,0.0,0.0,0.0,0.0,0.0,0.0,0.0,0.0,0.0,0.0,0.0,0.0,0.0,0.0,0.0,1,0.3333333333333333,0.0,0.3896388888888869,0.3333333333333333,0.0,0.0,0.0,0.8333333333333334,0.16666666666666666,0.4166666666666667,0.08333333333333333,0.041666666666666664,0.041666666666666664,1.0,0.0,0.0,0.0,0.0,0.0,0.3333333333333333,0.0,0.0,0.0,0.0,0.0,0.0,0.0,0.0,0.0,0.3333333333333333,0.0,0.0,0.0,0.0,0.0,0.0,0.0,0.0,0.0,0.0,0.0,0.0,0.0,0.0,0.0,0.0
6,[*]CC([*])(C)C(=O)OC,poly(methyl methacrylate),1,0.0,0.0,0.0,0.0,0.0,0.0,0.0,0.0,0.0,0.0,0.2,0.0,0.0,0.0,0.0,0.0,0.06666666666666667,0.0,0.0,0.0,0.0,0.0,0.0,0.0,0.06666666666666667,0.06666666666666667,0.26666666666666666,0.0,0.4666666666666667,0.0,0.0,0.0,0.0,0.0,0.0,0.0,0.0,0.4666666666666667,0.0,0.2,0.0,0.0,0.06666666666666667,0.0,0.0,0.0,0.0,0.0,0.0,0.0,0.0,0.0,0.0,0.0,0.0,0.0,0.0,0.0,0.0,0.0,0.0,0.0,0.0,0.0,0.0,0.3333333333333333,0.3333333333333333,0.5333333333333333,0.0,0.2,0.0,0.0,0.0,0.0,1.4,0.0,0.0,0.0,0.0,0.0,0.0,0.0,0.0,0.5333333333333333,0.13333333333333333,0.0,0.0,0.0,0.0,0.5333333333333333,0.0,0.06666666666666667,0.06666666666666667,0.3333333333333333,0.06666666666666667,0.06666666666666667,0.0,0.0,0.0,0.0,0.0,0.6,0.7333333333333333,0.8666666666666667,1.0,0.0,0.0,0.0,0.0,0.0,0.0,0.0,0.0,0.0,0.0,0.0,0.0,0.0,0.0,0.0,1.0,0.5,0.0,1.0,0.0,0.0,0.0,0,0.13333333333333333,0.0,0.5562055555555578,0.4666666666666667,0.0,0.0,0.3333333333333333,0.7544331053951823,0.22109977206184842,0.37415816237971955,0.10749149571305298,0.08430130341208203,0.08430130341208203,0.9333333333333333,0.06666666666666667,0.0,0.0,0.0,0.0,0.3333333333333333,0.26666666666666666,0.13333333333333333,0.0,0.0,0.0,0.0,0.06666666666666667,0.06666666666666667,0.06666666666666667,0.26666666666666666,0.0,0.0,0.0,0.0,0.0,0.0,0.0,0.0,0.0,0.0,0.0,0.0,0.0,0.0,0.0,0.4383333333333331
7,[*]CC([*])(F)F,poly(vinylidene fluoride),1,0.0,0.0,0.0,0.0,0.0,0.0,0.0,0.0,0.0,0.0,0.0,0.0,0.0,0.0,0.0,0.0,0.0,0.0,0.0,0.0,0.0,0.0,0.0,0.0,0.0,0.0,0.3333333333333333,0.6666666666666666,0.6666666666666666,0.0,0.0,0.0,0.0,0.0,0.0,0.0,0.16666666666666666,0.16666666666666666,0.0,0.0,0.0,0.0,0.0,0.0,0.0,0.0,0.0,0.0,0.0,0.0,0.0,0.0,0.0,0.0,1.5,1.5,0.0,0.0,0.0,0.0,0.0,0.0,0.0,0.0,0.0,0.0,0.0,0.0,0.0,0.5,0.0,0.0,0.5,0.0,1.0,0.0,0.0,0.0,0.0,0.0,0.0,0.0,0.6666666666666666,0.6666666666666666,0.0,0.0,0.0,0.0,0.0,0.3333333333333333,0.0,0.0,0.0,0.3333333333333333,0.0,0.0,0.0,0.0,0.0,0.0,0.0,0.0,0.0,0.0,0.0,0.0,0.0,0.0,0.0,0.0,0.0,0.0,0.0,0.0,0.0,0.0,0.0,0.0,0.0,0.0,0.0,0.5,0.0,0.0,0.0,0.0,0.0,1,0.3333333333333333,0.0,0.8893611111111126,0.6666666666666666,0.0,0.0,0.0,0.6259881576697429,0.29265482433640894,0.31299407883487146,0.14632741216820447,0.11656550740629983,0.11656550740629996,1.0,0.0,0.0,0.0,0.0,0.0,0.3333333333333333,0.0,0.0,0.0,0.0,0.0,0.0,0.3333333333333333,0.0,0.0,0.3333333333333333,0.0,0.0,0.0,0.0,0.0,0.0,0.0,0.0,0.0,0.0,0.0,0.0,0.0,0.0,0.0,0.0
8,[*]CC([*])C,polypropylene,1,0.0,0.0,0.0,0.0,0.0,0.0,0.0,0.0,0.0,0.0,0.0,0.0,0.0,0.0,0.0,0.0,0.0,0.0,0.0,0.0,0.0,0.0,0.0,0.0,0.0,0.0,0.4444444444444444,0.0,1.1111111111111112,0.0,0.0,0.0,0.0,0.0,0.0,0.0,0.0,0.4444444444444444,0.0,0.0,0.0,0.0,0.0,0.0,0.0,0.0,0.0,0.0,0.0,0.0,0.0,0.0,0.0,0.0,0.0,0.0,0.0,0.0,0.0,0.0,0.0,0.0,0.0,0.0,0.0,0.0,0.0,0.4444444444444444,0.4444444444444444,0.3333333333333333,0.0,0.0,0.0,0.0,1.3333333333333333,0.0,0.0,0.0,0.0,0.0,0.2222222222222222,0.0,0.0,0.6666666666666666,0.0,0.0,0.0,0.0,0.0,0.6666666666666666,0.0,0.0,0.0,0.3333333333333333,0.0,0.0,0.0,0.0,0.0,0.0,0.0,0.0,0.0,0.0,0.0,0.0,0.0,2.6666666666666665,0.0,0.0,0.0,0.0,0.0,0.0,0.0,0.0,0.0,0.0,0.0,0.5,0.0,0.0,0.0,0.0,0.0,0.0,0.0,1,0.2222222222222222,0.0,0.38963888888889747,0.3333333333333333,0.0,0.0,0.0,0.8333333333333334,0.16666666666666666,0.4166666666666667,0.08333333333333333,0.05555555555555555,0.05555555555555555,1.0,0.0,0.0,0.0,0.0,0.0,0.3333333333333333,0.0,0.0,0.0,0.0,0.0,0.0,0.0,0.0,0.0,0.3333333333333333,0.0,0.0,0.0,0.0,0.0,0.0,0.0,0.0,0.0,0.0,0.0,0.0,0.0,0.0,0.0,0.0
9,[*]C[Si]([*])(CCCC)CCCC,Poly(ethyl-n-butylsilylene),1,0.0,0.0,0.0,0.0,0.0,0.0,0.0,0.0,0.0,0.0,0.0,0.0,0.0,0.0,0.0,0.0,0.0,0.0,0.0,0.0,0.0,0.0,0.0,0.0,0.0,0.0,0.13333333333333333,0.0,0.8666666666666667,0.0,0.0,0.06666666666666667,0.0,0.0,0.2,0.0,0.0,0.43333333333333335,0.0,0.0,0.26666666666666666,0.0,0.0,0.0,0.0,0.0,0.03333333333333333,0.0,0.0,0.0,0.0,0.0,0.0,0.6,0.0,0.0,0.0,0.0,0.0,0.0,0.0,0.0,0.0,0.0,0.0,0.0,0.0,0.26666666666666666,0.0,0.7,0.0,0.0,0.0,0.0,0.4,0.0,0.0,0.0,0.0,0.0,0.0,0.0,0.0,0.4,0.0,0.0,0.0,0.0,0.03333333333333333,0.6666666666666666,0.0,0.0,0.0,0.3,0.0,0.0,0.0,0.0,0.0,0.0,0.0,0.0,0.0,0.0,0.0,0.0,0.0,0.0,0.0,0.0,0.0,0.0,0.0,0.0,0.0,0.0,0.0,0.0,0.0,0.0,0.0,0.0,0.0,0.0,0.0,0.0,0.0,1,0.06666666666666667,0.0,0.4342916666666693,0.3333333333333333,0.0,0.0,0.4444444444444444,0.8333333333333334,0.2,0.4166666666666667,0.15,0.054166666666666724,0.15416666666666667,1.0,0.0,0.0,0.0,0.0,0.0,0.3333333333333333,0.0,0.0,0.0,0.0,0.0,0.0,0.0,0.0,0.0,0.3333333333333333,0.0,0.0,0.0,0.0,0.0,0.0,0.0,0.0,0.0,0.0,0.0,0.0,0.0,0.0,0.0,0.0
10,[*]C[Si]([*])(C)C,Polycarbosilane,1,0.0,0.0,0.0,0.0,0.0,0.0,0.0,0.0,0.0,0.0,0.0,0.0,0.0,0.0,0.0,0.0,0.0,0.0,0.0,0.0,0.0,0.0,0.0,0.0,0.0,0.0,0.0,0.0,0.0,0.0,0.0,0.0,0.0,0.0,0.5,0.0,0.0,0.5833333333333334,0.0,0.0,0.8333333333333334,0.0,0.0,0.0,0.0,0.0,0.08333333333333333,0.0,0.0,0.0,0.0,0.0,0.0,0.0,0.0,0.0,0.0,0.0,0.0,0.0,0.0,0.0,0.0,0.0,0.0,0.0,0.0,0.6666666666666666,0.0,0.25,0.0,0.0,0.0,0.0,0.0,0.0,0.0,0.0,0.0,0.0,0.0,0.0,0.0,0.0,0.0,0.0,0.0,0.0,0.08333333333333333,0.6666666666666666,0.0,0.0,0.0,0.25,0.0,0.0,0.0,0.0,0.0,0.0,0.0,0.0,0.0,0.0,0.0,0.0,0.0,0.0,0.0,0.0,0.0,0.0,0.0,0.0,0.0,0.0,0.0,0.0,0.0,0.0,0.0,0.0,0.0,0.0,0.0,0.0,0.0,1,0.16666666666666666,0.0,0.5012708333333357,0.3333333333333333,0.0,0.0,0.0,0.8333333333333334,0.25,0.4166666666666667,0.25,0.07291666666666659,0.28125,1.0,0.0,0.0,0.0,0.0,0.0,0.3333333333333333,0.0,0.0,0.0,0.0,0.0,0.0,0.0,0.0,0.0,0.3333333333333333,0.0,0.0,0.0,0.0,0.0,0.0,0.0,0.0,0.0,0.0,0.0,0.0,0.0,0.0,0.0,0.0
11,[*]CC([*])c1ccc(O)cc1,poly(p-hydroxystyrene),1,0.0,0.0,0.35294117647058826,0.11764705882352941,0.47058823529411764,0.0,0.11764705882352941,0.0,0.0,0.0,0.11764705882352941,0.058823529411764705,0.0,0.0,0.0,0.0,0.0,0.058823529411764705,0.0,0.0,0.0,0.0,0.0,0.0,0.0,0.0,0.11764705882352941,0.0,0.35294117647058826,0.0,0.0,0.0,0.0,0.0,0.0,0.0,0.0,0.058823529411764705,0.0,0.0,0.0,0.0,0.0,0.0,0.0,0.0,0.0,0.0,0.0,0.0,0.0,0.6470588235294118,0.5882352941176471,0.0,0.0,0.0,0.0,0.0,0.0,0.0,0.0,0.35294117647058826,0.0,0.0,0.0,0.0,0.0,0.0,0.23529411764705882,0.17647058823529413,0.0,0.0,0.0,0.0,0.7058823529411765,0.0,0.11764705882352941,0.0,0.0,0.47058823529411764,0.11764705882352941,0.0,0.0,0.35294117647058826,0.0,0.0,0.7058823529411765,0.0,0.0,0.47058823529411764,0.0,0.0,0.0,0.47058823529411764,0.0,0.0,0.0,0.0,0.0,0.0,0.0,0.0,0.0,0.0,0.0,0.0,0.0,0.0,0.0,0.0,0.0,0.0,0.0,0.0,0.0,0.0,0.0,0.0,0.0,0.5,1.0,0.0,0.0,0.0,0.0,0.0,0.0,0,0.11764705882352941,0.0,0.5889754901960793,0.5294117647058824,0.6666666666666666,0.2,0.6666666666666666,0.7298969582625799,0.2593087229684625,0.37425720209975233,0.14436024383717244,0.10024259677834871,0.10024259677834871,0.7058823529411765,0.0,0.0,0.17647058823529413,0.17647058823529413,0.0,0.23529411764705882,0.11764705882352941,0.058823529411764705,0.0,0.0,0.0,0.0,0.0,0.058823529411764705,0.0,0.11764705882352941,0.0,0.35294117647058826,0.0,0.0,0.0,0.0,0.058823529411764705,0.0,0.0,0.0,0.0,0.0,0.0,0.0,0.058823529411764705,0.29750000000000004
12,[*]Oc1c(C)cc([*])cc1C,"poly(2,6-dimethylphenol)",1,0.0,0.0,0.35294117647058826,0.23529411764705882,0.23529411764705882,0.0,0.23529411764705882,0.0,0.0,0.0,0.0,0.35294117647058826,0.0,0.0,0.0,0.058823529411764705,0.0,0.0,0.0,0.0,0.0,0.0,0.0,0.0,0.0,0.0,0.0,0.0,0.0,0.0,0.0,0.0,0.0,0.0,0.0,0.0,0.0,0.35294117647058826,0.0,0.0,0.0,0.0,0.0,0.0,0.0,0.0,0.0,0.0,0.0,0.0,0.0,0.0,0.0,0.0,0.0,0.0,0.0,0.47058823529411764,0.0,0.0,0.0,0.35294117647058826,0.0,0.0,0.0,0.0,0.0,0.47058823529411764,0.0,0.0,0.0,0.0,0.0,0.0,0.0,0.0,0.0,0.0,0.0,0.23529411764705882,0.0,0.0,0.0,0.23529411764705882,0.0,0.0,0.7058823529411765,0.0,0.0,0.47058823529411764,0.0,0.058823529411764705,0.0,0.47058823529411764,0.0,0.0,0.0,0.0,0.0,0.0,0.0,0.0,0.0,0.0,0.0,0.0,0.0,0.0,0.0,0.47058823529411764,0.5294117647058824,0.5294117647058824,0.0,0.0,0.0,0.0,0.0,0.0,0.0,0.0,0.0,0.0,0.0,0.0,0.0,0.0,0.0,0,0.29411764705882354,0.8,0.5889754901960804,0.5294117647058824,0.6666666666666666,0.3333333333333333,0.3333333333333333,0.7298969582625802,0.2593087229684625,0.37695578179199196,0.1416616641449331,0.10354766841646053,0.10354766841646053,0.7058823529411765,0.0,0.0,0.17647058823529413,0.17647058823529413,0.0,0.23529411764705882,0.11764705882352941,0.058823529411764705,0.0,0.0,0.0,0.0,0.0,0.058823529411764705,0.0,0.11764705882352941,0.0,0.35294117647058826,0.0,0.0,0.0,0.0,0.058823529411764705,0.0,0.0,0.0,0.0,0.0,0.0,0.0,0.058823529411764705,0.13573529411764707
13,[*]CC([*])OC(C)=O,poly(vinyl acetate),1,0.0,0.0,0.0,0.0,0.0,0.0,0.0,0.0,0.0,0.0,0.0,0.25,0.0,0.0,0.0,0.0,0.08333333333333333,0.0,0.0,0.0,0.0,0.0,0.0,0.0,0.08333333333333333,0.08333333333333333,0.16666666666666666,0.0,0.5,0.0,0.16666666666666666,0.0,0.0,0.0,0.0,0.0,0.0,0.3333333333333333,0.0,0.08333333333333333,0.0,0.0,0.08333333333333333,0.0,0.0,0.0,0.0,0.0,0.0,0.0,0.0,0.0,0.0,0.0,0.0,0.0,0.0,0.0,0.0,0.0,0.0,0.0,0.0,0.0,0.0,0.0,0.0,0.3333333333333333,0.0,0.25,0.0,0.0,0.0,0.0,0.5,0.0,0.0,0.0,0.0,0.0,0.16666666666666666,0.0,0.0,0.5,0.16666666666666666,0.0,0.0,0.0,0.0,0.5,0.0,0.08333333333333333,0.08333333333333333,0.3333333333333333,0.08333333333333333,0.0,0.0,0.0,0.0,0.0,0.0,0.0,0.0,0.0,0.0,0.0,0.0,0.0,0.0,0.0,0.0,0.0,0.0,0.0,0.0,0.0,0.0,0.0,0.0,0.5,1.0,0.0,0.0,1.0,0.0,0.0,0.0,0,0.16666666666666666,0.0,0.597847222222224,0.5,0.0,0.0,0.3333333333333333,0.7347080484106444,0.23470804841064385,0.3635310363079827,0.11353103630798289,0.07030364136776342,0.0703036413677635,0.9166666666666666,0.08333333333333333,0.0,0.0,0.0,0.0,0.3333333333333333,0.3333333333333333,0.16666666666666666,0.0,0.0,0.0,0.0,0.08333333333333333,0.08333333333333333,0.08333333333333333,0.25,0.0,0.0,0.0,0.0,0.0,0.0,0.0,0.0,0.0,0.0,0.0,0.0,0.0,0.0,0.0,0.5479166666666663
14,[*]O[Si]([*])(C)C,poly(dimethylsiloxane),1,0.0,0.0,0.0,0.0,0.0,0.0,0.0,0.0,0.0,0.0,0.0,0.0,0.0,0.0,0.0,0.0,0.0,0.0,0.0,0.0,0.0,0.0,0.0,0.0,0.0,0.0,0.0,0.0,0.0,0.0,0.0,0.0,0.0,0.0,0.1,0.4,0.0,0.6,0.0,0.0,0.6,0.0,0.0,0.0,0.0,0.1,0.0,0.1,0.0,0.0,0.0,0.0,0.0,0.0,0.0,0.0,0.0,0.0,0.0,0.0,0.0,0.0,0.0,0.0,0.0,0.0,0.0,0.8,0.0,0.0,0.0,0.0,0.0,0.0,0.0,0.0,0.0,0.0,0.0,0.0,0.0,0.0,0.0,0.0,0.0,0.0,0.0,0.0,0.1,0.6,0.0,0.1,0.0,0.2,0.0,0.0,0.0,0.0,0.0,0.0,0.0,0.0,0.0,0.0,0.0,0.0,0.0,0.0,0.0,0.0,0.0,0.0,0.0,0.0,0.0,0.0,0.0,0.0,0.0,0.0,0.0,0.0,0.0,0.0,0.0,0.0,0.0,1,0.2,0.0,0.6179583333333359,0.4,0.0,0.0,0.0,0.790824829046386,0.2908248290463863,0.3908248290463863,0.27247448713915856,0.07186436964131629,0.2768303524935284,1.0,0.0,0.0,0.0,0.0,0.0,0.4,0.2,0.1,0.0,0.0,0.0,0.0,0.0,0.1,0.0,0.3,0.0,0.0,0.0,0.0,0.0,0.0,0.0,0.0,0.0,0.0,0.0,0.0,0.0,0.0,0.0,0.2307500000000001
15,[*]C([*])(F)F,Polytetrafluoroethylene,1,0.0,0.0,0.0,0.0,0.0,0.0,0.0,0.0,0.0,0.0,0.0,0.0,0.0,0.0,0.0,0.0,0.0,0.0,0.0,0.0,0.0,0.0,0.0,0.0,0.0,0.0,0.3333333333333333,1.3333333333333333,0.0,0.0,0.0,0.0,0.0,0.0,0.0,0.0,0.3333333333333333,0.0,0.0,0.0,0.0,0.0,0.0,0.0,0.0,0.0,0.0,0.0,0.0,0.0,0.0,0.0,0.0,0.0,0.0,0.0,0.0,0.0,0.0,0.0,0.0,0.0,0.0,0.0,0.0,0.0,0.0,0.0,0.0,0.0,0.0,0.0,1.0,0.0,1.0,0.0,0.0,0.0,0.0,0.0,0.0,0.0,1.3333333333333333,0.6666666666666666,0.0,0.0,0.0,0.0,0.0,0.0,0.0,0.0,0.0,0.3333333333333333,0.0,0.0,0.0,0.0,0.0,0.0,0.0,0.0,0.0,0.0,0.0,0.0,0.0,0.0,0.0,0.0,0.0,0.0,0.0,0.0,0.0,0.0,0.0,0.0,0.0,0.0,0.0,1.0,0.0,0.0,0.0,0.0,0.0,1,0.3333333333333333,0.0,1.389083333333335,1.0,0.0,0.0,0.0,0.41864298200615124,0.41864298200615124,0.20932149100307562,0.20932149100307562,0.19146434814593283,0.19146434814593327,1.0,0.0,0.0,0.0,0.0,0.0,0.3333333333333333,0.0,0.0,0.0,0.0,0.0,0.0,0.6666666666666666,0.0,0.0,0.3333333333333333,0.0,0.0,0.0,0.0,0.0,0.0,0.0,0.0,0.0,0.0,0.0,0.0,0.0,0.0,0.0,0.0
16,[*]Oc1ccc(C(=O)c2ccc(C(=O)c3ccc([*])cc3)cc2)cc1,Polyetherketoneketone,1,0.0,0.0,0.8,0.0,0.6857142857142857,0.11428571428571428,0.11428571428571428,0.0,0.0,0.0,0.0,0.0,0.0,0.0,0.0,0.02857142857142857,0.0,0.0,0.0,0.0,0.0,0.0,0.0,0.0,0.0,0.0,0.0,0.0,0.0,0.0,0.0,0.0,0.0,0.0,0.0,0.0,0.0,0.0,0.0,0.0,0.0,0.0,0.0,0.0,0.0,0.0,0.0,0.0,0.6857142857142857,0.0,0.0,0.6285714285714286,0.8571428571428571,0.0,0.0,0.0,0.0,0.0,0.0,0.0,0.0,0.5142857142857142,0.0,0.0,0.6,0.0,0.0,0.0,0.0,0.0,0.0,0.0,0.0,0.0,0.17142857142857143,0.0,0.0,0.0,0.0,0.6857142857142857,0.0,0.0,0.0,0.22857142857142856,0.11428571428571428,0.0,1.0285714285714285,0.0,0.0,0.34285714285714286,0.0,0.02857142857142857,0.05714285714285714,0.5714285714285714,0.05714285714285714,0.0,0.0,0.0,0.0,0.0,0.0,0.0,0.0,0.0,0.0,0.2857142857142857,0.4857142857142857,0.0,0.22857142857142856,0.0,0.0,0.0,0.0,0.0,0.0,0.0,0.7428571428571429,0.0,0.0,0.13333333333333333,0.0,0.0,0.0,0.0,0.0,1.0,0.0,0,0.42857142857142855,0.8,0.7150309523809529,0.6571428571428571,0.782608695652174,0.3333333333333333,0.0,0.6635641391826167,0.320706996325474,0.3518999023122207,0.18047133088364933,0.12624453295839114,0.12624453295839114,0.5142857142857142,0.05714285714285714,0.0,0.2571428571428571,0.2571428571428571,0.0,0.17142857142857143,0.17142857142857143,0.08571428571428572,0.0,0.0,0.0,0.0,0.05714285714285714,0.02857142857142857,0.05714285714285714,0.0,0.0,0.5142857142857142,0.0,0.0,0.0,0.0,0.08571428571428572,0.0,0.0,0.0,0.0,0.0,0.0,0.0,0.08571428571428572,0.30978571428571433
17,[*]CCO[*],poly(ethylene oxide),1,0.0,0.0,0.0,0.0,0.0,0.0,0.0,0.0,0.0,0.0,0.0,0.0,0.0,0.0,0.0,0.0,0.0,0.0,0.0,0.0,0.0,0.0,0.0,0.0,0.0,0.0,0.0,0.0,0.5714285714285714,0.0,0.2857142857142857,0.0,0.0,0.14285714285714285,0.0,0.0,0.0,0.2857142857142857,0.0,0.5714285714285714,0.0,0.0,0.0,0.0,0.0,0.0,0.0,0.0,0.0,0.0,0.0,0.0,0.0,0.0,0.0,0.0,0.0,0.0,0.0,2.0,0.0,0.0,0.0,0.0,0.0,0.0,0.0,0.0,0.0,0.8571428571428571,0.0,0.0,0.0,0.0,0.0,0.0,0.0,0.0,0.0,0.0,0.0,0.0,0.0,0.2857142857142857,0.0,0.0,0.0,0.0,0.0,0.5714285714285714,0.0,0.14285714285714285,0.0,0.2857142857142857,0.0,0.0,0.0,0.0,0.0,0.0,0.0,0.0,0.0,0.0,0.0,0.0,0.0,0.0,0.0,0.0,0.0,0.0,0.0,0.0,0.0,0.0,0.0,0.0,0.0,0.0,0.0,0.0,0.0,0.0,0.0,0.0,0.0,1,0.42857142857142855,0.0,0.5244404761904762,0.42857142857142855,0.0,0.0,0.0,0.7726068986376948,0.2011783272091233,0.3797497557805519,0.09403547006626616,0.04374088826398533,0.04374088826398533,1.0,0.0,0.0,0.0,0.0,0.0,0.42857142857142855,0.2857142857142857,0.14285714285714285,0.0,0.0,0.0,0.0,0.0,0.14285714285714285,0.0,0.2857142857142857,0.0,0.0,0.0,0.0,0.0,0.0,0.0,0.0,0.0,0.0,0.0,0.0,0.0,0.0,0.0,0.3296428571428572
18,[*]CC(C)O[*],"poly(propane-1,2-diol)",1,0.0,0.0,0.0,0.0,0.0,0.0,0.0,0.0,0.0,0.0,0.0,0.0,0.0,0.0,0.0,0.0,0.0,0.0,0.0,0.0,0.0,0.0,0.0,0.0,0.0,0.0,0.1,0.0,0.7,0.0,0.3,0.0,0.0,0.1,0.0,0.0,0.0,0.4,0.0,0.3,0.0,0.0,0.0,0.0,0.0,0.0,0.0,0.0,0.0,0.0,0.0,0.0,0.0,0.0,0.0,0.0,0.0,0.0,0.0,0.0,0.0,0.0,0.0,0.0,0.0,0.0,0.0,0.4,0.0,0.3,0.0,0.0,0.0,0.0,0.3,0.0,0.0,0.0,0.0,0.0,0.2,0.0,0.0,0.4,0.0,0.0,0.0,0.0,0.0,0.6,0.0,0.1,0.0,0.3,0.0,0.0,0.0,0.0,0.0,0.0,0.0,0.0,0.0,0.0,0.0,0.0,0.0,0.0,0.0,0.0,0.0,0.0,0.0,0.0,0.0,0.0,0.0,0.0,0.0,0.3333333333333333,0.0,0.0,0.0,0.0,0.0,0.0,0.0,1,0.3,0.0,0.4840000000000051,0.4,0.0,0.0,0.0,0.7908248290463863,0.1908248290463863,0.3908248290463863,0.09082482904638631,0.053324829046386316,0.053324829046386316,1.0,0.0,0.0,0.0,0.0,0.0,0.4,0.2,0.1,0.0,0.0,0.0,0.0,0.0,0.1,0.0,0.3,0.0,0.0,0.0,0.0,0.0,0.0,0.0,0.0,0.0,0.0,0.0,0.0,0.0,0.0,0.0,0.23075
19,[*]Oc1ccc(S(=O)(=O)c2ccc([*])cc2)cc1,polyethersulfone,1,0.0,0.0,0.5,0.0,0.6666666666666666,0.0,0.16666666666666666,0.0,0.16666666666666666,0.0,0.0,0.0,0.0,0.0,0.0,0.041666666666666664,0.0,0.0,0.0,0.041666666666666664,0.16666666666666666,0.0,0.0,0.0,0.0,0.0,0.0,0.0,0.0,0.0,0.0,0.0,0.0,0.0,0.0,0.0,0.0,0.0,0.0,0.0,0.0,0.0,0.0,0.041666666666666664,0.0,0.0,0.0,0.0,0.0,0.0,0.0,0.9166666666666666,0.8333333333333334,0.0,0.0,0.0,0.0,0.0,0.0,0.0,0.0,0.5,0.0,0.0,0.875,0.0,0.0,0.0,0.0,0.0,0.125,0.125,0.0,0.0,0.0,0.0,0.0,0.0,0.0,0.6666666666666666,0.0,0.0,0.0,0.0,0.0,0.0,1.0,0.0,0.0,0.3333333333333333,0.0,0.041666666666666664,0.08333333333333333,0.5,0.0,0.0,0.0,0.0,0.0,0.0,0.0,0.0,0.0,0.0,0.0,0.0,0.0,0.0,0.0,0.0,0.0,0.0,0.0,0.0,0.0,0.0,0.0,0.0,0.0,0.0,0.0,0.0,0.0,0.0,0.0,0.0,0.0,0,0.4166666666666667,0.8,0.806458333333334,0.6666666666666666,0.75,0.3333333333333333,0.0,0.6513747150773107,0.3520620726159658,0.3395762464275441,0.23470804841064385,0.1217498100515403,0.19772356656463508,0.5,0.08333333333333333,0.0,0.25,0.25,0.0,0.16666666666666666,0.25,0.125,0.0,0.0,0.0,0.0,0.08333333333333333,0.041666666666666664,0.0,0.041666666666666664,0.0,0.5,0.0,0.0,0.0,0.0,0.08333333333333333,0.0,0.0,0.0,0.0,0.0,0.0,0.0,0.08333333333333333,0.4517708333333334
20,[*]Sc1ccc([*])cc1,poly(p-phenylene sulfide),1,0.0,0.0,0.5454545454545454,0.0,0.7272727272727273,0.0,0.0,0.36363636363636365,0.0,0.0,0.0,0.0,0.0,0.0,0.0,0.0,0.0,0.0,0.09090909090909091,0.0,0.0,0.0,0.0,0.0,0.0,0.0,0.0,0.0,0.0,0.0,0.0,0.0,0.0,0.0,0.0,0.0,0.0,0.0,0.0,0.0,0.0,0.0,0.0,0.0,0.0,0.0,0.0,0.0,0.0,0.0,0.0,0.0,0.9090909090909091,0.0,0.0,0.0,0.0,0.0,0.0,0.0,1.9090909090909092,0.5454545454545454,0.0,0.0,0.0,0.0,0.0,0.0,0.0,0.0,0.0,0.0,0.0,0.0,0.0,0.0,0.0,0.0,0.0,0.7272727272727273,0.0,0.0,0.0,0.0,0.0,0.0,1.0909090909090908,0.0,0.0,0.36363636363636365,0.09090909090909091,0.0,0.0,0.5454545454545454,0.0,0.0,0.0,0.0,0.0,0.0,0.0,0.0,0.0,0.0,0.0,0.0,0.0,0.0,0.0,0.0,0.0,0.0,0.0,0.0,0.0,0.0,0.0,0.0,0.0,0.0,0.0,0.0,0.0,0.0,0.0,0.0,0.0,0,0.45454545454545453,0.8,0.8194318181818188,0.6363636363636364,0.8571428571428571,0.3333333333333333,0.0,0.6734771173148967,0.38406771558105357,0.35529529913307845,0.24770407921741722,0.11457366937089355,0.20735737174904426,0.5454545454545454,0.0,0.0,0.2727272727272727,0.2727272727272727,0.0,0.18181818181818182,0.0,0.0,0.0,0.0,0.0,0.0,0.0,0.09090909090909091,0.0,0.0,0.0,0.5454545454545454,0.0,0.0,0.0,0.0,0.09090909090909091,0.0,0.0,0.0,0.0,0.0,0.0,0.0,0.09090909090909091,0.0
21,[*]CCCCOC(=O)CCC(=O)O[*],"poly[(butane-1,4-diol)-alt-(diethyl succinate)]",1,0.0,0.0,0.0,0.0,0.0,0.0,0.0,0.0,0.0,0.0,0.08333333333333333,0.16666666666666666,0.0,0.0,0.0,0.0,0.08333333333333333,0.0,0.0,0.0,0.0,0.0,0.0,0.0,0.08333333333333333,0.08333333333333333,0.08333333333333333,0.0,0.6666666666666666,0.0,0.08333333333333333,0.0,0.0,0.0,0.0,0.0,0.0,0.25,0.0,0.16666666666666666,0.0,0.0,0.08333333333333333,0.0,0.0,0.0,0.0,0.0,0.0,0.0,0.0,0.0,0.0,0.75,0.0,0.0,0.6666666666666666,0.0,0.0,0.5833333333333334,0.0,0.0,0.0,0.0,0.0,0.0,0.0,0.0,0.0,0.75,0.0,0.0,0.0,0.0,0.5,0.0,0.0,0.0,0.0,0.0,0.0,0.0,0.0,0.5,0.16666666666666666,0.0,0.0,0.0,0.0,0.5,0.0,0.08333333333333333,0.08333333333333333,0.3333333333333333,0.08333333333333333,0.0,0.5,0.0,0.0,0.0,0.3333333333333333,0.0,0.0,0.0,0.0,0.0,0.0,0.0,0.0,0.0,0.0,0.0,0.0,0.0,0.0,0.0,0.0,0.0,0.0,0.2,0.0,0.0,0.0,1.0,0.0,0.0,0.0,0,0.4166666666666667,0.0,0.597847222222224,0.5,0.0,0.0,0.0,0.734708048410644,0.23470804841064385,0.36353103630798284,0.11353103630798289,0.06179846864976637,0.06179846864976638,0.9166666666666666,0.08333333333333333,0.0,0.0,0.0,0.0,0.3333333333333333,0.3333333333333333,0.16666666666666666,0.0,0.0,0.0,0.0,0.08333333333333333,0.08333333333333333,0.08333333333333333,0.25,0.0,0.0,0.0,0.0,0.0,0.0,0.0,0.0,0.0,0.0,0.0,0.0,0.0,0.0,0.0,0.5479166666666667
22,[*]OC(C)C([*])=O,poly(L-lactide),1,0.0,0.0,0.0,0.0,0.0,0.0,0.0,0.0,0.0,0.0,0.1111111111111111,0.1111111111111111,0.1111111111111111,0.0,0.0,0.0,0.1111111111111111,0.0,0.0,0.0,0.0,0.0,0.0,0.0,0.1111111111111111,0.1111111111111111,0.0,0.0,0.4444444444444444,0.0,0.1111111111111111,0.0,0.0,0.0,0.0,0.0,0.0,0.3333333333333333,0.0,0.1111111111111111,0.0,0.0,0.1111111111111111,0.0,0.0,0.0,0.0,0.0,0.0,0.0,0.0,0.0,0.0,0.0,0.0,0.0,0.0,0.0,0.0,0.0,0.0,0.0,0.0,0.0,0.0,0.0,0.0,0.4444444444444444,0.0,0.0,0.0,0.0,0.0,0.0,0.3333333333333333,0.0,0.0,0.0,0.0,0.0,0.2222222222222222,0.0,0.0,0.4444444444444444,0.2222222222222222,0.0,0.0,0.0,0.0,0.4444444444444444,0.0,0.1111111111111111,0.1111111111111111,0.3333333333333333,0.1111111111111111,0.0,0.0,0.0,0.0,0.0,0.0,0.0,0.0,0.0,0.0,0.0,0.0,0.0,0.0,0.0,0.0,0.0,0.0,0.0,0.0,0.0,0.0,0.0,0.0,0.6666666666666666,0.0,0.0,0.0,1.0,0.0,0.0,0.0,0,0.3333333333333333,0.0,0.6672500000000041,0.5555555555555556,0.0,0.0,0.0,0.7018329534364142,0.2573885089919696,0.345819159521755,0.12359693729953275,0.0798492996014625,0.07984929960146243,0.8888888888888888,0.1111111111111111,0.0,0.0,0.0,0.0,0.3333333333333333,0.4444444444444444,0.2222222222222222,0.0,0.0,0.0,0.0,0.1111111111111111,0.1111111111111111,0.1111111111111111,0.2222222222222222,0.0,0.0,0.0,0.0,0.0,0.0,0.0,0.0,0.0,0.0,0.0,0.0,0.0,0.0,0.0,0.7305555555555556
23,[*]CCCCOC(=O)c1ccc(C(=O)O[*])cc1,Poly (butylene terephthalate) ,1,0.0,0.0,0.35714285714285715,0.0,0.2857142857142857,0.07142857142857142,0.07142857142857142,0.0,0.0,0.0,0.0,0.0,0.0,0.0,0.0,0.0,0.07142857142857142,0.0,0.0,0.0,0.0,0.0,0.0,0.0,0.0,0.0,0.07142857142857142,0.0,0.42857142857142855,0.0,0.07142857142857142,0.0,0.0,0.0,0.0,0.0,0.0,0.14285714285714285,0.0,0.14285714285714285,0.0,0.0,0.07142857142857142,0.0,0.0,0.0,0.0,0.0,0.0,0.0,0.0,0.0,0.35714285714285715,0.6428571428571429,0.0,0.0,0.0,0.0,0.0,0.5,0.0,0.21428571428571427,0.0,0.0,0.0,0.0,0.0,0.0,0.0,0.42857142857142855,0.0,0.0,0.0,0.0,0.21428571428571427,0.0,0.0,0.0,0.0,0.2857142857142857,0.0,0.0,0.0,0.35714285714285715,0.14285714285714285,0.0,0.42857142857142855,0.0,0.0,0.42857142857142855,0.0,0.07142857142857142,0.07142857142857142,0.42857142857142855,0.07142857142857142,0.0,0.21428571428571427,0.0,0.0,0.0,0.0,0.0,0.0,0.0,0.0,0.0,0.0,0.0,0.2857142857142857,0.0,0.0,0.0,0.42857142857142855,0.0,0.0,0.9285714285714286,0.0,0.0,0.8571428571428571,0.16666666666666666,0.0,0.0,0.0,1.0,0.0,0.0,0.0,0,0.42857142857142855,0.3333333333333333,0.6554285714285729,0.5714285714285714,0.375,0.1,0.0,0.7011783272091234,0.2726068986376947,0.35624088826398526,0.14195517397827104,0.08868440169979971,0.08868440169979976,0.75,0.07142857142857142,0.0,0.10714285714285714,0.10714285714285714,0.0,0.25,0.2857142857142857,0.14285714285714285,0.0,0.0,0.0,0.0,0.07142857142857142,0.07142857142857142,0.07142857142857142,0.14285714285714285,0.0,0.21428571428571427,0.0,0.0,0.0,0.0,0.03571428571428571,0.0,0.0,0.0,0.0,0.0,0.0,0.0,0.03571428571428571,0.4696428571428571
24,[*]C=CCC[*],polybutadiene,1,0.0,0.0,0.0,0.2,0.2,0.0,0.0,0.0,0.0,0.0,0.2,0.4,0.0,0.0,0.0,0.0,0.0,0.0,0.0,0.0,0.0,0.0,0.2,0.0,0.0,0.0,0.0,0.0,0.4,0.0,0.0,0.0,0.0,0.0,0.0,0.0,0.0,0.2,0.0,0.0,0.0,0.0,0.0,0.0,0.0,0.0,0.0,0.0,0.0,0.0,0.0,0.0,0.0,0.0,0.0,0.0,0.0,0.0,0.0,0.0,0.0,0.0,0.0,0.0,0.0,0.0,0.0,0.0,0.0,0.6,0.0,0.0,0.0,0.0,0.6,0.6,0.0,0.0,0.0,0.0,0.0,0.4,0.0,0.6,0.0,0.2,0.0,0.0,0.0,0.6,0.0,0.0,0.0,0.4,0.0,0.0,0.0,0.0,0.0,0.0,0.0,0.0,0.0,0.0,0.0,0.0,0.0,0.0,0.0,0.0,0.0,0.0,0.0,0.0,0.0,0.0,0.0,0.0,0.0,0.0,0.0,0.0,0.0,0.0,0.0,0.0,0.0,0,0.4,0.0,0.4507666666666722,0.4,0.0,0.0,0.0,0.8,0.2,0.4,0.1,0.05,0.05,0.9,0.1,0.0,0.0,0.0,0.0,0.3,0.0,0.0,0.0,0.0,0.0,0.0,0.0,0.0,0.2,0.2,0.0,0.0,0.0,0.0,0.0,0.0,0.0,0.0,0.0,0.0,0.0,0.0,0.0,0.0,0.0,0.0
25,[*]CC([*])(C)C,poly(epsilon-caprolactone),1,0.0,0.0,0.0,0.0,0.0,0.0,0.0,0.0,0.0,0.0,0.0,0.0,0.0,0.0,0.0,0.0,0.0,0.0,0.0,0.0,0.0,0.0,0.0,0.0,0.0,0.0,0.5833333333333334,0.0,0.8333333333333334,0.0,0.0,0.0,0.0,0.0,0.0,0.0,0.0,0.5833333333333334,0.0,0.0,0.0,0.0,0.0,0.0,0.0,0.0,0.0,0.0,0.0,0.0,0.0,0.0,0.0,0.0,0.0,0.0,0.0,0.0,0.0,0.0,0.0,0.0,0.0,0.0,0.0,0.0,0.4166666666666667,0.6666666666666666,0.0,0.25,0.0,0.0,0.0,0.0,1.75,0.0,0.0,0.0,0.0,0.0,0.0,0.0,0.0,0.6666666666666666,0.0,0.0,0.0,0.0,0.0,0.6666666666666666,0.0,0.0,0.0,0.3333333333333333,0.0,0.08333333333333333,0.0,0.0,0.0,0.0,0.0,0.0,0.0,0.0,0.0,0.0,0.0,0.0,0.0,0.0,0.0,0.0,0.0,0.0,0.0,0.0,0.0,0.0,0.0,0.0,0.0,0.5,0.0,0.0,0.0,0.0,0.0,1,0.16666666666666666,0.0,0.3896388888888917,0.3333333333333333,0.0,0.0,0.0,0.8333333333333334,0.16666666666666666,0.4166666666666667,0.08333333333333333,0.07291666666666659,0.07291666666666667,1.0,0.0,0.0,0.0,0.0,0.0,0.3333333333333333,0.0,0.0,0.0,0.0,0.0,0.0,0.0,0.0,0.0,0.3333333333333333,0.0,0.0,0.0,0.0,0.0,0.0,0.0,0.0,0.0,0.0,0.0,0.0,0.0,0.0,0.0,0.0
26,[*]CC([*])C#N,polyacrylonitrile,1,0.2857142857142857,0.14285714285714285,0.0,0.0,0.0,0.0,0.0,0.0,0.0,0.0,0.0,0.0,0.0,0.0,0.0,0.0,0.0,0.0,0.0,0.0,0.0,0.14285714285714285,0.0,0.0,0.0,0.0,0.2857142857142857,0.0,0.8571428571428571,0.0,0.0,0.0,0.0,0.0,0.0,0.0,0.0,0.14285714285714285,0.0,0.0,0.0,0.0,0.0,0.0,0.0,0.0,0.0,0.0,0.0,0.0,0.0,0.0,0.0,0.0,0.0,0.0,0.0,0.0,0.0,0.0,0.0,0.0,0.0,0.0,0.0,0.0,0.0,0.0,0.5714285714285714,0.42857142857142855,0.0,0.0,0.0,0.0,1.7142857142857142,0.0,0.0,0.0,0.0,0.0,0.2857142857142857,0.0,0.0,0.8571428571428571,0.0,0.0,0.0,0.2857142857142857,0.0,0.42857142857142855,0.0,0.0,0.0,0.42857142857142855,0.0,0.0,0.0,0.0,0.0,0.0,0.0,0.0,0.0,0.0,0.0,0.0,0.0,0.0,0.0,0.0,0.0,0.0,0.0,0.0,0.0,0.0,0.0,0.0,0.0,0.5,0.0,0.0,0.0,0.0,0.0,0.0,0.0,0,0.2857142857142857,0.0,0.631714285714288,0.5714285714285714,0.0,0.0,0.2222222222222222,0.7067447993571372,0.2781733707857081,0.3533723996785686,0.13908668539285404,0.08740048555356994,0.08740048555356987,0.8571428571428571,0.0,0.14285714285714285,0.0,0.0,0.0,0.2857142857142857,0.14285714285714285,0.14285714285714285,0.0,0.0,0.0,0.0,0.14285714285714285,0.14285714285714285,0.0,0.2857142857142857,0.0,0.0,0.0,0.0,0.0,0.0,0.0,0.0,0.0,0.0,0.0,0.0,0.0,0.0,0.0,0.8496428571428568
27,[*]CC([*])CCCCCC,Poly(1-octene),1,0.0,0.0,0.0,0.0,0.0,0.0,0.0,0.0,0.0,0.0,0.0,0.0,0.0,0.0,0.0,0.0,0.0,0.0,0.0,0.0,0.0,0.0,0.0,0.0,0.0,0.0,0.375,0.0,1.25,0.0,0.0,0.0,0.0,0.0,0.0,0.0,0.0,0.375,0.0,0.0,0.0,0.0,0.0,0.0,0.0,0.0,0.0,0.0,0.0,0.0,0.0,0.0,0.0,1.125,0.0,0.0,0.0,0.0,0.0,0.0,0.0,0.0,0.0,0.0,0.0,0.0,0.0,0.16666666666666666,0.16666666666666666,0.75,0.0,0.0,0.0,0.0,1.125,0.0,0.0,0.0,0.0,0.0,0.08333333333333333,0.0,0.0,0.6666666666666666,0.0,0.0,0.0,0.0,0.0,0.6666666666666666,0.0,0.0,0.0,0.3333333333333333,0.0,0.0,0.0,0.0,0.0,0.0,0.0,0.0,0.0,0.0,0.0,0.0,0.0,0.0,0.0,0.0,0.0,0.0,0.0,0.0,0.0,0.0,0.0,0.0,0.0,0.5,0.0,0.0,0.0,0.0,0.0,0.0,0.0,1,0.08333333333333333,0.0,0.3896388888888917,0.3333333333333333,0.0,0.0,0.6666666666666666,0.8333333333333334,0.16666666666666666,0.4166666666666667,0.08333333333333333,0.046875,0.046875,1.0,0.0,0.0,0.0,0.0,0.0,0.3333333333333333,0.0,0.0,0.0,0.0,0.0,0.0,0.0,0.0,0.0,0.3333333333333333,0.0,0.0,0.0,0.0,0.0,0.0,0.0,0.0,0.0,0.0,0.0,0.0,0.0,0.0,0.0,0.0
28,[*]CC([*])CC,Polybutene,1,0.0,0.0,0.0,0.0,0.0,0.0,0.0,0.0,0.0,0.0,0.0,0.0,0.0,0.0,0.0,0.0,0.0,0.0,0.0,0.0,0.0,0.0,0.0,0.0,0.0,0.0,0.4166666666666667,0.0,1.1666666666666667,0.0,0.0,0.0,0.0,0.0,0.0,0.0,0.0,0.4166666666666667,0.0,0.0,0.0,0.0,0.0,0.0,0.0,0.0,0.0,0.0,0.0,0.0,0.0,0.0,0.0,0.0,0.0,0.0,0.0,0.0,0.0,0.0,0.0,0.0,0.0,0.0,0.0,0.0,0.0,0.3333333333333333,0.3333333333333333,0.5,0.0,0.0,0.0,0.0,1.25,0.0,0.0,0.0,0.0,0.0,0.16666666666666666,0.0,0.0,0.6666666666666666,0.0,0.0,0.0,0.0,0.0,0.6666666666666666,0.0,0.0,0.0,0.3333333333333333,0.0,0.0,0.0,0.0,0.0,0.0,0.0,0.0,0.0,0.0,0.0,0.0,0.0,0.0,0.0,0.0,0.0,0.0,0.0,0.0,0.0,0.0,0.0,0.0,0.0,0.5,0.0,0.0,0.0,0.0,0.0,0.0,0.0,1,0.16666666666666666,0.0,0.3896388888888917,0.3333333333333333,0.0,0.0,0.2222222222222222,0.8333333333333334,0.16666666666666666,0.4166666666666667,0.08333333333333333,0.052083333333333336,0.052083333333333336,1.0,0.0,0.0,0.0,0.0,0.0,0.3333333333333333,0.0,0.0,0.0,0.0,0.0,0.0,0.0,0.0,0.0,0.3333333333333333,0.0,0.0,0.0,0.0,0.0,0.0,0.0,0.0,0.0,0.0,0.0,0.0,0.0,0.0,0.0,0.0
29,[*]CC([*])OC(C)=O,Poly(vinyl acetate),1,0.0,0.0,0.0,0.0,0.0,0.0,0.0,0.0,0.0,0.0,0.0,0.25,0.0,0.0,0.0,0.0,0.08333333333333333,0.0,0.0,0.0,0.0,0.0,0.0,0.0,0.08333333333333333,0.08333333333333333,0.16666666666666666,0.0,0.5,0.0,0.16666666666666666,0.0,0.0,0.0,0.0,0.0,0.0,0.3333333333333333,0.0,0.08333333333333333,0.0,0.0,0.08333333333333333,0.0,0.0,0.0,0.0,0.0,0.0,0.0,0.0,0.0,0.0,0.0,0.0,0.0,0.0,0.0,0.0,0.0,0.0,0.0,0.0,0.0,0.0,0.0,0.0,0.3333333333333333,0.0,0.25,0.0,0.0,0.0,0.0,0.5,0.0,0.0,0.0,0.0,0.0,0.16666666666666666,0.0,0.0,0.5,0.16666666666666666,0.0,0.0,0.0,0.0,0.5,0.0,0.08333333333333333,0.08333333333333333,0.3333333333333333,0.08333333333333333,0.0,0.0,0.0,0.0,0.0,0.0,0.0,0.0,0.0,0.0,0.0,0.0,0.0,0.0,0.0,0.0,0.0,0.0,0.0,0.0,0.0,0.0,0.0,0.0,0.5,1.0,0.0,0.0,1.0,0.0,0.0,0.0,0,0.16666666666666666,0.0,0.597847222222224,0.5,0.0,0.0,0.3333333333333333,0.7347080484106444,0.23470804841064385,0.3635310363079827,0.11353103630798289,0.07030364136776342,0.0703036413677635,0.9166666666666666,0.08333333333333333,0.0,0.0,0.0,0.0,0.3333333333333333,0.3333333333333333,0.16666666666666666,0.0,0.0,0.0,0.0,0.08333333333333333,0.08333333333333333,0.08333333333333333,0.25,0.0,0.0,0.0,0.0,0.0,0.0,0.0,0.0,0.0,0.0,0.0,0.0,0.0,0.0,0.0,0.5479166666666663
30,[*]CC([*])CCCCCCCC,poly(1-decene),1,0.0,0.0,0.0,0.0,0.0,0.0,0.0,0.0,0.0,0.0,0.0,0.0,0.0,0.0,0.0,0.0,0.0,0.0,0.0,0.0,0.0,0.0,0.0,0.0,0.0,0.0,0.36666666666666664,0.0,1.2666666666666666,0.0,0.0,0.0,0.0,0.0,0.0,0.0,0.0,0.36666666666666664,0.0,0.0,0.0,0.0,0.0,0.0,0.0,0.0,0.0,0.0,0.0,0.0,0.0,0.0,0.0,1.5,0.0,0.0,0.0,0.0,0.0,0.0,0.0,0.0,0.0,0.0,0.0,0.0,0.0,0.13333333333333333,0.13333333333333333,0.8,0.0,0.0,0.0,0.0,1.1,0.0,0.0,0.0,0.0,0.0,0.06666666666666667,0.0,0.0,0.6666666666666666,0.0,0.0,0.0,0.0,0.0,0.6666666666666666,0.0,0.0,0.0,0.3333333333333333,0.0,0.0,0.0,0.0,0.0,0.0,0.0,0.0,0.0,0.0,0.0,0.0,0.0,0.0,0.0,0.0,0.0,0.0,0.0,0.0,0.0,0.0,0.0,0.0,0.0,0.5,0.0,0.0,0.0,0.0,0.0,0.0,0.0,1,0.06666666666666667,0.0,0.3896388888888917,0.3333333333333333,0.0,0.0,0.8888888888888888,0.8333333333333334,0.16666666666666666,0.4166666666666667,0.08333333333333333,0.04583333333333333,0.04583333333333333,1.0,0.0,0.0,0.0,0.0,0.0,0.3333333333333333,0.0,0.0,0.0,0.0,0.0,0.0,0.0,0.0,0.0,0.3333333333333333,0.0,0.0,0.0,0.0,0.0,0.0,0.0,0.0,0.0,0.0,0.0,0.0,0.0,0.0,0.0,0.0
31,[*]CC([*])c1ccccc1,polystyrene,1,0.0,0.0,0.375,0.125,0.625,0.0,0.0,0.0,0.0,0.0,0.125,0.0625,0.0,0.0,0.0,0.0,0.0,0.0,0.0,0.0,0.0,0.0,0.0,0.0,0.0,0.0,0.125,0.0,0.375,0.0,0.0,0.0,0.0,0.0,0.0,0.0,0.0,0.0625,0.0,0.0,0.0,0.0,0.0,0.0,0.0,0.0,0.0,0.0,0.0,0.6875,0.6875,0.0,0.0,0.0,0.0,0.0,0.0,0.0,0.0,0.0,0.0,0.375,0.0,0.0,0.0,0.0,0.0,0.0,0.25,0.1875,0.0,0.0,0.0,1.8125,0.75,0.0,0.0,0.0,0.0,0.625,0.125,0.0,0.0,0.375,0.0,0.0,0.75,0.0,0.0,0.5,0.0,0.0,0.0,0.5,0.0,0.0,0.0,0.0,0.0,0.0,0.0,0.0,0.0,0.0,0.0,0.0,0.0,0.0,0.0,0.0,0.0,0.0,0.0,0.8125,0.0,0.0,0.0,0.0,0.0,0.5,2.0,0.0,0.0,0.0,0.0,0.0,0.0,0,0.125,0.0,0.5424583333333336,0.5,0.75,0.2,0.6666666666666666,0.75,0.25,0.390625,0.140625,0.09375,0.09375,0.6875,0.0,0.0,0.1875,0.1875,0.0,0.1875,0.0,0.0,0.0,0.0,0.0,0.0,0.0,0.0,0.0,0.125,0.0,0.375,0.0,0.0,0.0,0.0,0.0625,0.0,0.0,0.0,0.0,0.0,0.0,0.0,0.0625,0.0
32,[*]C[*],polyethene,1,0.0,0.0,0.0,0.0,0.0,0.0,0.0,0.0,0.0,0.0,0.0,0.0,0.0,0.0,0.0,0.0,0.0,0.0,0.0,0.0,0.0,0.0,0.0,0.0,0.0,0.0,0.3333333333333333,0.0,1.3333333333333333,0.0,0.0,0.0,0.0,0.0,0.0,0.0,0.0,0.3333333333333333,0.0,0.0,0.0,0.0,0.0,0.0,0.0,0.0,0.0,0.0,0.0,0.0,0.0,0.0,0.0,3.0,0.0,0.0,0.0,0.0,0.0,0.0,0.0,0.0,0.0,0.0,0.0,0.0,0.0,0.0,0.0,1.0,0.0,0.0,0.0,0.0,1.0,0.0,0.0,0.0,0.0,0.0,0.0,0.0,0.0,0.6666666666666666,0.0,0.0,0.0,0.0,0.0,0.6666666666666666,0.0,0.0,0.0,0.3333333333333333,0.0,0.0,0.0,0.0,0.0,0.0,0.0,0.0,0.0,0.0,0.0,0.0,0.0,0.0,0.0,0.0,0.0,0.0,0.0,0.0,0.0,0.0,0.0,0.0,0.0,0.0,0.0,0.0,0.0,0.0,0.0,0.0,0.0,1,0.3333333333333333,0.0,0.3896388888888869,0.3333333333333333,0.0,0.0,0.0,0.8333333333333334,0.16666666666666666,0.4166666666666667,0.08333333333333333,0.041666666666666664,0.041666666666666664,1.0,0.0,0.0,0.0,0.0,0.0,0.3333333333333333,0.0,0.0,0.0,0.0,0.0,0.0,0.0,0.0,0.0,0.3333333333333333,0.0,0.0,0.0,0.0,0.0,0.0,0.0,0.0,0.0,0.0,0.0,0.0,0.0,0.0,0.0,0.0
33,[*]CC([*])CC(C)C,poly(4-methyl-1-pentene),1,0.0,0.0,0.0,0.0,0.0,0.0,0.0,0.0,0.0,0.0,0.0,0.0,0.0,0.0,0.0,0.0,0.0,0.0,0.0,0.0,0.0,0.0,0.0,0.0,0.0,0.0,0.4444444444444444,0.0,1.1111111111111112,0.0,0.0,0.0,0.0,0.0,0.0,0.0,0.0,0.4444444444444444,0.0,0.0,0.0,0.0,0.0,0.0,0.0,0.0,0.0,0.0,0.0,0.0,0.0,0.0,0.0,0.0,0.0,0.0,0.0,0.0,0.0,0.0,0.0,0.0,0.0,0.0,0.0,0.0,0.0,0.4444444444444444,0.4444444444444444,0.3333333333333333,0.0,0.0,0.0,0.0,1.3333333333333333,0.0,0.0,0.0,0.0,0.0,0.2222222222222222,0.0,0.0,0.6666666666666666,0.0,0.0,0.0,0.0,0.0,0.6666666666666666,0.0,0.0,0.0,0.3333333333333333,0.0,0.0,0.0,0.5555555555555556,0.0,0.0,0.0,0.0,0.0,0.0,0.0,0.0,0.0,0.0,0.0,0.0,0.0,0.0,0.0,0.0,0.0,0.0,0.0,0.0,0.0,0.5,1.0,0.0,0.0,0.0,0.0,0.0,0.0,1,0.1111111111111111,0.0,0.38963888888889064,0.3333333333333333,0.0,0.0,0.3333333333333333,0.8333333333333334,0.16666666666666666,0.4166666666666667,0.08333333333333333,0.05555555555555555,0.05555555555555555,1.0,0.0,0.0,0.0,0.0,0.0,0.3333333333333333,0.0,0.0,0.0,0.0,0.0,0.0,0.0,0.0,0.0,0.3333333333333333,0.0,0.0,0.0,0.0,0.0,0.0,0.0,0.0,0.0,0.0,0.0,0.0,0.0,0.0,0.0,0.0
34,[*]CCCOC(=O)c1ccc(C(=O)O[*])cc1,Polytrimethylene terephthalate,1,0.0,0.0,0.4,0.0,0.32,0.08,0.08,0.0,0.0,0.0,0.0,0.0,0.0,0.0,0.0,0.0,0.08,0.0,0.0,0.0,0.0,0.0,0.0,0.0,0.0,0.0,0.04,0.0,0.32,0.0,0.08,0.0,0.0,0.0,0.0,0.0,0.0,0.12,0.0,0.16,0.0,0.0,0.08,0.0,0.0,0.0,0.0,0.0,0.0,0.0,0.0,0.0,0.4,0.36,0.0,0.0,0.0,0.0,0.0,0.56,0.0,0.24,0.0,0.0,0.0,0.0,0.0,0.0,0.0,0.36,0.0,0.0,0.0,0.0,0.12,0.0,0.0,0.0,0.0,0.32,0.0,0.0,0.0,0.32,0.16,0.0,0.48,0.0,0.0,0.4,0.0,0.08,0.08,0.44,0.08,0.0,0.0,0.0,0.0,0.0,0.0,0.0,0.0,0.0,0.0,0.0,0.0,0.0,0.32,0.0,0.0,0.0,0.48,0.0,0.0,1.04,0.0,0.0,0.96,0.18181818181818182,0.0,0.0,0.0,1.0,0.0,0.0,0.0,0,0.44,0.36363636363636365,0.6873233333333348,0.6,0.4,0.1111111111111111,0.0,0.6853197264742182,0.2853197264742181,0.3489897948556635,0.14898979485566358,0.09432652990377567,0.09432652990377573,0.72,0.08,0.0,0.12,0.12,0.0,0.24,0.32,0.16,0.0,0.0,0.0,0.0,0.08,0.08,0.08,0.12,0.0,0.24,0.0,0.0,0.0,0.0,0.04,0.0,0.0,0.0,0.0,0.0,0.0,0.0,0.04,0.5259999999999999
35,[*]CCCCCC(=O)N[*],Poly(hexano-6-lactam),1,0.0,0.0,0.0,0.0,0.0,0.0,0.0,0.0,0.0,0.0,0.05263157894736842,0.10526315789473684,0.0,0.05263157894736842,0.05263157894736842,0.0,0.0,0.0,0.0,0.0,0.0,0.0,0.0,0.05263157894736842,0.05263157894736842,0.0,0.15789473684210525,0.0,0.8421052631578947,0.05263157894736842,0.0,0.0,0.05263157894736842,0.0,0.0,0.0,0.0,0.2631578947368421,0.10526315789473684,0.0,0.0,0.05263157894736842,0.0,0.0,0.0,0.0,0.0,0.0,0.0,0.0,0.0,0.0,0.0,1.4210526315789473,0.0,0.0,0.42105263157894735,0.0,0.3684210526315789,0.0,0.0,0.0,0.3157894736842105,0.3157894736842105,0.0,0.0,0.0,0.0,0.0,0.7894736842105263,0.0,0.0,0.0,0.0,0.631578947368421,0.0,0.0,0.10526315789473684,0.10526315789473684,0.0,0.0,0.0,0.0,0.5263157894736842,0.10526315789473684,0.0,0.0,0.0,0.0,0.5789473684210527,0.0,0.0,0.05263157894736842,0.3157894736842105,0.05263157894736842,0.0,0.0,0.0,0.0,0.0,0.0,0.0,0.0,0.0,0.0,0.0,0.0,0.0,0.0,0.0,0.0,0.0,0.0,0.0,0.0,0.0,0.0,0.0,0.0,0.14285714285714285,0.0,0.0,0.0,0.0,0.0,0.0,1.0,0,0.3684210526315789,0.0,0.49631578947368604,0.42105263157894735,0.0,0.0,0.0,0.7818664150507275,0.2029190466296748,0.3867658598016762,0.10007040740694158,0.05414522958728749,0.054145229587287465,0.9473684210526315,0.05263157894736842,0.0,0.0,0.0,0.0,0.3157894736842105,0.15789473684210525,0.10526315789473684,0.0,0.0,0.0,0.0,0.05263157894736842,0.0,0.10526315789473684,0.2631578947368421,0.0,0.0,0.0,0.0,0.0,0.0,0.0,0.0,0.0,0.0,0.0,0.0,0.0,0.0,0.0,0.3828947368421053
36,[*]CCCCCCNC(=O)CCCCC(=O)N[*],"poly[(hexane-1,6-diamine)-alt-(adipic acid)]",1,0.0,0.0,0.0,0.0,0.0,0.0,0.0,0.0,0.0,0.0,0.05263157894736842,0.10526315789473684,0.0,0.05263157894736842,0.05263157894736842,0.0,0.0,0.0,0.0,0.0,0.0,0.0,0.0,0.05263157894736842,0.05263157894736842,0.0,0.15789473684210525,0.0,0.8421052631578947,0.05263157894736842,0.0,0.0,0.05263157894736842,0.0,0.0,0.0,0.0,0.2631578947368421,0.10526315789473684,0.0,0.0,0.05263157894736842,0.0,0.0,0.0,0.0,0.0,0.0,0.0,0.0,0.0,0.0,0.0,1.4210526315789473,0.0,0.0,0.42105263157894735,0.0,0.3684210526315789,0.0,0.0,0.0,0.3157894736842105,0.3157894736842105,0.0,0.0,0.0,0.0,0.0,0.7894736842105263,0.0,0.0,0.0,0.0,0.631578947368421,0.0,0.0,0.10526315789473684,0.10526315789473684,0.0,0.0,0.0,0.0,0.5263157894736842,0.10526315789473684,0.0,0.0,0.0,0.0,0.5789473684210527,0.0,0.0,0.05263157894736842,0.3157894736842105,0.05263157894736842,0.0,0.0,0.0,0.21052631578947367,0.2631578947368421,0.0,0.0,0.0,0.0,0.0,0.0,0.0,0.0,0.0,0.0,0.0,0.0,0.0,0.0,0.0,0.0,0.0,0.0,0.0,0.14285714285714285,0.0,0.0,0.0,0.0,0.0,0.0,1.0,0,0.3684210526315789,0.0,0.49631578947368654,0.42105263157894735,0.0,0.0,0.0,0.7818664150507274,0.2029190466296748,0.38676585980167605,0.10007040740694152,0.05414522958728748,0.054145229587287465,0.9473684210526315,0.05263157894736842,0.0,0.0,0.0,0.0,0.3157894736842105,0.15789473684210525,0.10526315789473684,0.0,0.0,0.0,0.0,0.05263157894736842,0.0,0.10526315789473684,0.2631578947368421,0.0,0.0,0.0,0.0,0.0,0.0,0.0,0.0,0.0,0.0,0.0,0.0,0.0,0.0,0.0,0.3828947368421053
37,[*]CCCCCCCCCCCC(=O)N[*],poly(dodecano-12-lactam),1,0.0,0.0,0.0,0.0,0.0,0.0,0.0,0.0,0.0,0.0,0.02702702702702703,0.05405405405405406,0.0,0.02702702702702703,0.02702702702702703,0.0,0.0,0.0,0.0,0.0,0.0,0.0,0.0,0.02702702702702703,0.02702702702702703,0.0,0.24324324324324326,0.0,1.0810810810810811,0.02702702702702703,0.0,0.0,0.02702702702702703,0.0,0.0,0.0,0.0,0.2972972972972973,0.05405405405405406,0.0,0.0,0.02702702702702703,0.0,0.0,0.0,0.0,0.0,0.0,0.0,0.0,0.0,0.0,0.0,2.189189189189189,0.0,0.0,0.21621621621621623,0.0,0.1891891891891892,0.0,0.0,0.0,0.16216216216216217,0.16216216216216217,0.0,0.0,0.0,0.0,0.0,0.8918918918918919,0.0,0.0,0.0,0.0,0.8108108108108109,0.0,0.0,0.05405405405405406,0.05405405405405406,0.0,0.0,0.0,0.0,0.5945945945945946,0.05405405405405406,0.0,0.0,0.0,0.0,0.6216216216216216,0.0,0.0,0.02702702702702703,0.32432432432432434,0.02702702702702703,0.0,0.0,0.0,0.0,0.0,0.0,0.0,0.0,0.0,0.0,0.0,0.0,0.0,0.0,0.0,0.0,0.0,0.0,0.0,0.0,0.0,0.0,0.0,0.0,0.07692307692307693,0.0,0.0,0.0,0.0,0.0,0.0,1.0,0,0.35135135135135137,0.0,0.4444189189189212,0.3783783783783784,0.0,0.0,0.0,0.8069043752963194,0.18528275367469788,0.40131219827653636,0.09192804704680779,0.04807457735563412,0.04807457735563412,0.972972972972973,0.02702702702702703,0.0,0.0,0.0,0.0,0.32432432432432434,0.08108108108108109,0.05405405405405406,0.0,0.0,0.0,0.0,0.02702702702702703,0.0,0.05405405405405406,0.2972972972972973,0.0,0.0,0.0,0.0,0.0,0.0,0.0,0.0,0.0,0.0,0.0,0.0,0.0,0.0,0.0,0.19662162162162164
38,[*]CCCCCCCCCCC(=O)N[*],poly(11-aminoundecanoic acid),1,0.0,0.0,0.0,0.0,0.0,0.0,0.0,0.0,0.0,0.0,0.029411764705882353,0.058823529411764705,0.0,0.029411764705882353,0.029411764705882353,0.0,0.0,0.0,0.0,0.0,0.0,0.0,0.0,0.029411764705882353,0.029411764705882353,0.0,0.23529411764705882,0.0,1.0588235294117647,0.029411764705882353,0.0,0.0,0.029411764705882353,0.0,0.0,0.0,0.0,0.29411764705882354,0.058823529411764705,0.0,0.0,0.029411764705882353,0.0,0.0,0.0,0.0,0.0,0.0,0.0,0.0,0.0,0.0,0.0,2.1176470588235294,0.0,0.0,0.23529411764705882,0.0,0.20588235294117646,0.0,0.0,0.0,0.17647058823529413,0.17647058823529413,0.0,0.0,0.0,0.0,0.0,0.8823529411764706,0.0,0.0,0.0,0.0,0.7941176470588235,0.0,0.0,0.058823529411764705,0.058823529411764705,0.0,0.0,0.0,0.0,0.5882352941176471,0.058823529411764705,0.0,0.0,0.0,0.0,0.6176470588235294,0.0,0.0,0.029411764705882353,0.3235294117647059,0.029411764705882353,0.0,0.0,0.0,0.0,0.0,0.0,0.0,0.0,0.0,0.0,0.0,0.0,0.0,0.0,0.0,0.0,0.0,0.0,0.0,0.0,0.0,0.0,0.0,0.0,0.08333333333333333,0.0,0.0,0.0,0.0,0.0,0.0,1.0,0,0.35294117647058826,0.0,0.4492524509803943,0.38235294117647056,0.0,0.0,0.0,0.8045724084107005,0.18692534958717122,0.3999573922421131,0.09268640413917317,0.04863998123995478,0.04863998123995478,0.9705882352941176,0.029411764705882353,0.0,0.0,0.0,0.0,0.3235294117647059,0.08823529411764706,0.058823529411764705,0.0,0.0,0.0,0.0,0.029411764705882353,0.0,0.058823529411764705,0.29411764705882354,0.0,0.0,0.0,0.0,0.0,0.0,0.0,0.0,0.0,0.0,0.0,0.0,0.0,0.0,0.0,0.21397058823529413
39,[*]Oc1ccc(C(C)(C)c2ccc(OC([*])=O)cc2)cc1,Poly(bisphenol A carbonate),1,0.0,0.0,0.36363636363636365,0.12121212121212122,0.48484848484848486,0.0,0.12121212121212122,0.0,0.0,0.030303030303030304,0.12121212121212122,0.0,0.0,0.0,0.0,0.06060606060606061,0.0,0.0,0.0,0.0,0.0,0.0,0.0,0.0,0.0,0.0,0.030303030303030304,0.0,0.18181818181818182,0.0,0.0,0.0,0.0,0.0,0.0,0.0,0.0,0.18181818181818182,0.0,0.0,0.0,0.0,0.06060606060606061,0.0,0.030303030303030304,0.0,0.0,0.0,0.0,0.0,0.0,0.6666666666666666,0.6060606060606061,0.0,0.0,0.0,0.0,0.0,0.0,0.0,0.0,0.36363636363636365,0.0,0.0,0.0,0.0,0.15151515151515152,0.24242424242424243,0.0,0.0,0.0,0.0,0.0,0.0,0.5454545454545454,0.0,0.0,0.0,0.0,0.48484848484848486,0.0,0.0,0.0,0.24242424242424243,0.06060606060606061,0.0,0.7272727272727273,0.0,0.0,0.42424242424242425,0.0,0.06060606060606061,0.030303030303030304,0.48484848484848486,0.030303030303030304,0.030303030303030304,0.0,0.0,0.0,0.0,0.0,0.0,0.0,0.0,0.0,0.0,0.0,0.0,0.0,0.0,0.0,0.0,0.0,0.0,0.7878787878787878,0.0,0.0,0.7272727272727273,0.0,0.08333333333333333,0.0,0.08333333333333333,0.0,1.0,1.0,0.0,0.0,0,0.36363636363636365,0.6666666666666666,0.6421338383838383,0.5757575757575758,0.631578947368421,0.3333333333333333,0.0,0.7037801476179268,0.2795377233755027,0.36426123412605016,0.15214002200483812,0.10946583138472099,0.10946583138472107,0.6666666666666666,0.030303030303030304,0.0,0.18181818181818182,0.18181818181818182,0.0,0.18181818181818182,0.18181818181818182,0.09090909090909091,0.0,0.0,0.0,0.0,0.030303030303030304,0.06060606060606061,0.030303030303030304,0.09090909090909091,0.0,0.36363636363636365,0.0,0.0,0.0,0.0,0.06060606060606061,0.0,0.0,0.0,0.0,0.0,0.0,0.0,0.06060606060606061,0.26916666666666667
