CV_diff_opt,ID_test,ID_train,PCA_df,PCA_object,R2_test,R2_train,X_heads,X_scaled,Y_test,Y_train,d_from_center_max,datetime,kernel,log_y,mae_test,mae_train,mape_cv_test_average,mape_cv_train_average,mare_test,mare_train,me_test,me_train,mre_test,mre_train,mse_test,mse_train,n_X,n_data,n_fold,n_test,n_train,property,rmse_cv_test_average,rmse_cv_train_average,rmse_test,rmse_train,trainset_size,y_test,y_test_uncertainty,y_train,y_train_uncertainty
0.8194397164454293,"[590 566 139 183  77 172 446  66  71 555 216 394 164 511 452 143 149 251
 359 108 406 589  16 311 436 318 474  27  53 423  42 222 477 385 389 117
  70  14 106 121  82 377 588 219 128 205 373  87  13 122 557  22   8  57
 499 497 435 253 218  56 455 107 402 403 386 217 517 388 470 520 592 162
 104 339 523 356 242 442 563 459 243  54 398 159 189 258  39  80 384 321
  20 387 568   3  49 502 553 516 462 129  12 261 327 157  92 274  45 504
 101]","[466  36 591 212 422 411 233 202  69 158 234 415 276 268  61  63 224 365
   5 494 480 328 200 349 378 413  33  17 395  52 126 160  11 496  75 512
 326 333 400 174  59 467 577 505 414 460 283 208 464 137 367   4 417 332
 226  68 132 273 105 198  95 231 235 152  41 432 230 134  55 197 585  35
  19 127 491 453  30 201  38 501 184 554 454 595 575 279 565 176 114 282
 438 111 171 465   1 272 237 522 118 551 457 102 191 150 312 343 155 370
 206  21 192 437 131 338 213 574 376 331 254 519 352 133 374 278 361 412
 245 123 228 277 211 252 473 148 579 271 239  10  99 229 558 178  44 194
 429 503  48 476 583 397 120  79 353 255 461  58 244 580 363 560 515 124
 556 284 210 125 193 508  96 336 269 594 113  74 347 109 264 472 156 324
  81 495  34  89  51 316  72 246 596  25 471 140  86 170 190 215 433 390
 521 578 314 325 350 110  78 379 362 145 320 250  85 281 479 421 573 100
 319  24  65 180 188 161 203 360 593 173 313 506 525 483 248 481 187 447
 346  47  26  88 236 427 507 330 399 366 456 425 232 482 396  84 419 323
 355 315 441  29 345 468 434 449 586  62 270 559  31 223 322 581  64 214
 168 257 569 354 182 221 196 185  15 142 368 582 115 265 408 153 275 195
 469 561 420  40 383 564 179  73 407 116 130 141 478 135 492 584 524  97
 240 381 392 167 424 207  98 259 416 337 430 342 177 380 371 393 247  76
 444  90 225 263 147 382 144 266 262  83 358 443 340 280 391 364 112 181
 514 448  46 509  91 209  32 562 344 404   7 410  67 199 267 428 169 587
  43  37  60 249 426 598 498 431 552 166 256 510 151 576 136 401 317 526
  93 227 493  18 372 146  23 163  94 418 475 463 599 175 335 572 458 450
 405 518   2   0 220 238 567 369 119 571 138 409 440 375 597 451 439 165
 186 527   9 513 351 241 500 310 357 329 334   6 154 570 348 260  50 204
 341 445  28]","          PC0       PC1       PC2       PC3  ...         PC173         PC174         PC175         PC176
0   -1.264608 -1.094451  0.023939  0.047974  ... -6.047399e-18  1.181054e-16  2.049063e-17 -7.287144e-17
1   -1.264796 -1.094648  0.023834  0.047683  ... -1.642252e-18  5.166524e-17  5.701339e-18  9.220759e-18
2   -1.265573 -1.095458  0.023401  0.046480  ... -6.253830e-20  6.586994e-16  4.158069e-17 -2.509608e-16
3   -1.266034 -1.095939  0.023145  0.045768  ... -4.922934e-18  2.924511e-17  1.042250e-16  5.157292e-16
4   -1.268149 -1.098146  0.021969  0.042495  ... -7.417519e-18  2.478562e-16 -2.211381e-16 -3.277192e-16
5   -1.279084 -1.109557  0.015886  0.025573  ...  2.534758e-17  2.426760e-17 -3.500405e-16 -1.394143e-16
6   -1.701093 -0.620526 -0.278081 -0.980039  ...  1.942345e-17 -5.039206e-17 -2.290079e-16 -1.662723e-16
7   -1.701625 -0.621081 -0.278378 -0.980863  ... -1.879736e-17 -1.997235e-16 -1.882963e-16 -2.016729e-16
8   -1.702258 -0.621742 -0.278730 -0.981843  ... -3.456987e-18 -9.830842e-17 -8.321189e-17  1.288616e-16
9   -1.702531 -0.622027 -0.278882 -0.982266  ...  6.299267e-17 -1.895326e-16 -3.743006e-16 -1.146330e-16
10  -1.702560 -0.622057 -0.278898 -0.982310  ... -4.531427e-17 -2.734482e-16  1.541571e-17 -8.243609e-17
11  -1.702618 -0.622117 -0.278930 -0.982399  ... -2.137399e-18  3.961342e-17  1.552477e-16  4.641198e-16
12  -1.703107 -0.622628 -0.279202 -0.983156  ...  1.643122e-17  1.731854e-17  3.409677e-16 -3.702486e-16
13  -1.703884 -0.623439 -0.279634 -0.984359  ... -6.289860e-17  2.096518e-16 -1.227619e-16  1.747572e-16
14  -1.705380 -0.625000 -0.280466 -0.986674  ... -4.426691e-18  1.091077e-18  3.007441e-16 -3.251588e-16
15  -1.705452 -0.625075 -0.280506 -0.986786  ...  3.276555e-17  3.515955e-16  5.175561e-16  6.157504e-17
16  -1.705452 -0.625075 -0.280506 -0.986786  ...  2.711981e-17 -4.625098e-16 -3.472058e-16  1.754155e-17
17  -1.691994 -0.609356 -0.298493 -0.989103  ...  4.817425e-17 -7.458041e-17 -1.478389e-16  2.177135e-16
18  -1.692167 -0.609536 -0.298589 -0.989370  ... -2.409080e-18  8.126943e-17 -1.029813e-16  4.204841e-18
19  -1.684825 -0.600758 -0.311488 -0.993439  ... -1.933083e-18  6.075382e-16  5.928296e-17 -2.892689e-17
20  -1.686451 -0.602454 -0.312392 -0.995955  ... -2.199406e-18 -9.373829e-17  1.495166e-16 -8.180962e-17
21  -1.690264 -0.606433 -0.314513 -1.001855  ... -3.489147e-19 -4.021326e-17  2.954192e-17  2.853754e-17
22  -1.697026 -0.613490 -0.318274 -1.012320  ...  4.289445e-17  3.664572e-16 -7.190400e-17 -1.308027e-16
23  -1.693902 -0.609672 -0.325027 -1.015200  ...  2.073525e-17  6.218812e-17  3.628929e-16  4.160314e-16
24  -1.262299 -1.091372  0.015033  0.042289  ... -3.833691e-18 -4.230655e-16 -2.454588e-16  2.282014e-16
25  -1.274371 -0.766880 -0.601139  0.479236  ... -4.836173e-18 -1.772492e-17 -8.308788e-17 -1.005652e-16
26  -1.274373 -0.766883 -0.601140  0.479232  ... -2.803598e-18 -7.938884e-17 -4.519993e-17 -1.993260e-17
27  -1.274407 -0.766919 -0.601159  0.479179  ...  1.605209e-17 -1.481770e-17 -1.989535e-17 -3.838911e-17
28  -1.274435 -0.766947 -0.601174  0.479137  ... -2.600727e-18 -1.465748e-17  1.472375e-16 -1.994857e-17
29  -1.274461 -0.766974 -0.601189  0.479097  ... -2.820256e-18 -3.120187e-17 -3.655271e-17  1.952170e-17
..        ...       ...       ...       ...  ...           ...           ...           ...           ...
514 -1.165033  2.592307  1.236109 -0.819497  ... -2.998564e-17  2.055636e-17 -1.151310e-17 -1.327918e-17
515 -1.165311  2.594364  1.236869 -0.819869  ... -3.345853e-17  7.301920e-17 -1.321131e-17 -1.862860e-18
516 -1.165778  2.597831  1.238151 -0.820495  ...  1.283055e-16  5.118390e-18 -1.101675e-17 -3.693592e-18
517 -1.166823  2.605576  1.241014 -0.821895  ... -4.305904e-17  2.143066e-17  4.243965e-17 -1.878208e-17
518 -1.168218  2.615911  1.244834 -0.823762  ...  4.026077e-17  1.842328e-17  3.627648e-17 -1.044455e-18
519 -1.171626  2.641176  1.254173 -0.828327  ... -6.604379e-17  3.130545e-17 -6.254840e-17 -2.735515e-18
520 -1.164738  2.590850  1.235585 -0.819084  ...  8.257631e-17 -1.146295e-17 -2.569306e-18 -3.615817e-17
521 -1.164806  2.591355  1.235772 -0.819175  ... -2.151089e-18  2.212667e-17  1.013621e-18 -2.427161e-17
522 -1.164945  2.592384  1.236152 -0.819361  ...  2.314044e-17  7.340882e-17 -5.926041e-17 -1.601429e-17
523 -1.165214  2.594374  1.236888 -0.819721  ... -5.690185e-17  8.075277e-17 -4.619669e-18  2.668271e-17
524 -1.165679  2.597823  1.238163 -0.820344  ... -1.953470e-17  1.219809e-17  2.884805e-17  8.607216e-18
525 -1.166697  2.605369  1.240952 -0.821707  ...  2.011219e-17 -3.925530e-17  2.273541e-17 -2.636669e-17
526 -1.168042  2.615340  1.244638 -0.823509  ...  1.684093e-17  2.959974e-17  7.462758e-17 -1.356121e-18
527 -1.171406  2.640278  1.253856 -0.828015  ... -2.502935e-17 -4.481553e-17  9.718985e-17 -2.993150e-17
528 -1.164651  2.590931  1.235630 -0.818949  ... -3.888044e-17  1.290625e-17 -1.229474e-17 -1.429807e-17
529 -1.164717  2.591420  1.235810 -0.819037  ... -1.884841e-17 -9.091760e-18 -1.048640e-17 -3.210163e-17
530 -1.164848  2.592396  1.236171 -0.819213  ...  9.129870e-18  2.278649e-17 -2.968464e-19 -2.482638e-17
531 -1.165113  2.594361  1.236898 -0.819568  ...  1.871788e-17 -2.943318e-17  2.621614e-17 -3.300592e-17
532 -1.165560  2.597674  1.238122 -0.820167  ... -3.446714e-17 -5.132477e-18 -9.599181e-18 -2.544191e-17
533 -1.166546  2.604977  1.240822 -0.821487  ... -8.394767e-17  1.502425e-17 -7.861912e-18 -3.572277e-17
534 -1.167826  2.614470  1.244331 -0.823202  ... -3.992506e-17 -9.490622e-18 -2.175822e-17 -1.945505e-17
535 -1.171189  2.639400  1.253546 -0.827706  ... -2.159707e-17  3.894571e-17 -1.115366e-16  1.832027e-17
536 -1.164564  2.591021  1.235678 -0.818815  ...  2.949379e-18  5.694674e-17 -5.280813e-17  4.903975e-18
537 -1.164627  2.591485  1.235849 -0.818899  ...  2.476977e-17  5.532883e-17 -9.276999e-18  2.162071e-17
538 -1.164755  2.592436  1.236201 -0.819071  ...  4.493100e-17 -2.368175e-17  2.264569e-17 -6.067655e-19
539 -1.165013  2.594350  1.236908 -0.819417  ...  1.354373e-16  2.888931e-18 -1.647025e-17 -1.574172e-17
540 -1.165455  2.597624  1.238118 -0.820008  ... -5.025490e-17 -3.474163e-18  4.444494e-17 -1.246053e-17
541 -1.166409  2.604693  1.240731 -0.821285  ... -5.514435e-19  2.058242e-17  4.133322e-17  4.259767e-18
542 -1.167719  2.614403  1.244321 -0.823040  ...  1.737467e-17 -7.801870e-17  6.636260e-17 -1.783435e-17
543 -1.170891  2.637917  1.253013 -0.827288  ...  3.629399e-17 -5.843307e-18 -4.582463e-17 -3.837108e-17

[544 rows x 177 columns]",stored,0.8498871868503263,0.9929688023226066,"['Mw', 'Temperature', 'Shear_Rate', 'mfp_Chi0n', 'mfp_Chi0v', 'mfp_Chi1n', 'mfp_Chi1v', 'mfp_Chi2n', 'mfp_Chi2v', 'mfp_MQNs13', 'mfp_MQNs14', 'mfp_MQNs15', 'mfp_MQNs16', 'mfp_MQNs17', 'mfp_MQNs18', 'mfp_MQNs19', 'mfp_MQNs20', 'mfp_MQNs21', 'mfp_MQNs22', 'mfp_MQNs23', 'mfp_MQNs24', 'mfp_MQNs25', 'mfp_MQNs26', 'mfp_MQNs27', 'mfp_MQNs28', 'mfp_MQNs29', 'mfp_MQNs30', 'mfp_MQNs31', 'mfp_MQNs32', 'mfp_MQNs33', 'mfp_MQNs34', 'mfp_MQNs35', 'mfp_MQNs36', 'mfp_MQNs37', 'mfp_MQNs38', 'mfp_MQNs39', 'mfp_MQNs40', 'mfp_MQNs41', 'mfp_MQNs42', 'mfp_NumAliphaticRings', 'mfp_NumAromaticRings', 'mfp_tpsa', 'afp_C2_C4_C4', 'afp_C2_C4_H1', 'afp_C3_C3_C3', 'afp_C3_C3_C4', 'afp_C3_C3_H1', 'afp_C3_C3_O1', 'afp_C3_C3_O2', 'afp_C3_C3_S2', 'afp_C3_C3_S4', 'afp_C3_C4_C3', 'afp_C3_C4_C4', 'afp_C3_C4_H1', 'afp_C3_C4_O2', 'afp_C3_N3_C4', 'afp_C3_N3_H1', 'afp_C3_O2_C3', 'afp_C3_O2_C4', 'afp_C3_O2_H1', 'afp_C3_S2_C3', 'afp_C3_S4_C3', 'afp_C3_S4_O1', 'afp_C4_C2_N1', 'afp_C4_C3_H1', 'afp_C4_C3_N3', 'afp_C4_C3_O1', 'afp_C4_C3_O2', 'afp_C4_C4_C4', 'afp_C4_C4_F1', 'afp_C4_C4_H1', 'afp_C4_C4_N3', 'afp_C4_C4_O2', 'afp_C4_C4_Si4', 'afp_C4_N3_H1', 'afp_C4_O2_C4', 'afp_C4_Si4_C4', 'afp_C4_Si4_O2', 'afp_F1_C4_F1', 'afp_H1_C4_H1', 'afp_H1_C4_N3', 'afp_H1_C4_O2', 'afp_H1_C4_Si4', 'afp_N3_C3_O1', 'afp_O1_C3_O2', 'afp_O1_S4_O1', 'afp_O2_C3_O2', 'afp_O2_Si4_O2', 'afp_Si4_C4_Si4', 'afp_Si4_O2_Si4', 'efp_3v_main', 'efp_3v_side', 'efp_4v_main', 'efp_4v_side', 'efp_fam_acrylate', 'efp_fam_carbonateester', 'efp_fam_ketone', 'efp_fam_polyamides', 'efp_fam_single', 'efp_main_chain_rel', 'efp_main_chain_ring', 'efp_norm_mol_wt', 'efp_numatoms_none_H', 'efp_ring', 'efp_ring_dist_shortest', 'efp_side_chain_abs', 'bfp_101', 'bfp_112', 'bfp_113', 'bfp_114', 'bfp_145', 'bfp_197', 'bfp_198', 'bfp_199', 'bfp_208', 'bfp_209', 'bfp_215', 'bfp_218', 'bfp_22', 'bfp_222', 'bfp_223', 'bfp_225', 'bfp_23', 'bfp_248', 'bfp_249', 'bfp_267', 'bfp_282', 'bfp_289', 'bfp_294', 'bfp_295', 'bfp_299', 'bfp_3', 'bfp_304', 'bfp_305', 'bfp_311', 'bfp_312', 'bfp_313', 'bfp_314', 'bfp_315', 'bfp_316', 'bfp_328', 'bfp_334', 'bfp_340', 'bfp_342', 'bfp_343', 'bfp_344', 'bfp_348', 'bfp_349', 'bfp_350', 'bfp_354', 'bfp_355', 'bfp_359', 'bfp_360', 'bfp_361', 'bfp_375', 'bfp_379', 'bfp_386', 'bfp_398', 'bfp_423', 'bfp_424', 'bfp_426', 'bfp_428', 'bfp_430', 'bfp_448', 'bfp_451', 'bfp_458', 'bfp_461', 'bfp_464', 'bfp_481', 'bfp_483', 'bfp_510', 'bfp_58', 'bfp_78', 'bfp_81', 'bfp_85', 'bfp_98', 'bfp_99']",1,"[ 3.35347432  5.66846361  1.66085201  4.60205999  3.84695533  5.60205999
  3.75245676  5.5774918   7.07188201  6.22911051 -1.49541284  3.44206009
  4.83514998  2.93251534  8.08555144  4.41047078  4.16353891  4.26804124
  4.4806867   0.96047078  3.85333333  3.51359517  8.63042788  4.47712125
  5.62025316  3.77815125  2.58982553 -0.42596873  5.92012333  1.21518987
  7.82816411  5.26573427  2.53084767  3.44635193  3.40772532  1.74788918
  6.65705585  8.5797836   1.42651126  0.3553636   5.61278386  3.7167382
  3.72507553 -1.25688073  2.57047078  3.71276596  4.08583691  7.2121876
  7.97497199 -0.02502958  6.21293801  7.79239169  6.94448267  2.68124124
  1.9047619   1.91208791  5.49367089  4.07560137 -1.42201835  1.75587486
  9.33667011  1.19589965  4.53333333  4.42        3.43776824 -1.34862385
  2.53374233  3.4248927   2.65082299  2.3         4.34743202  3.88514998
  3.30103     5.94939001  2.20384615  4.6223176   3.67010309  8.65822785
  5.95956873  2.94124143  3.91408935  6.22271647  3.38        5.65353891
  3.11627907  3.60137457  6.05384643  4.91645395  3.72103004  1.69897
  6.94743372  3.4248927   4.56495468  2.69897     4.66464198  1.91701245
  6.23450135  2.60736196  2.82189345  1.85497335  7.64542227  4.6025641
  0.2716093   4.09308999  3.99255352  3.07051282  4.17318627  1.78423237
  6.68033551]","[ 2.76591679e+00  5.20763437e+00  3.13293051e+00  7.57446809e+00
  1.13924051e+00  2.50136240e+00  4.94158076e+00  2.02127660e+00
  6.39619935e+00  3.08514998e+00  4.82474227e+00  2.17983651e+00
  3.98076923e+00  3.42948718e+00  4.01283722e+00  4.73559890e+00
  5.37762238e+00  4.11587983e+00  5.69897000e+00  2.00732601e+00
  1.93661302e+00  9.25527251e+00  2.97872340e-01  4.69098712e+00
  3.71673820e+00  2.34332425e+00  3.18184359e+00  6.97772361e+00
  3.63333333e+00  5.71264970e+00  3.65011737e+00  5.01085201e+00
  7.14301480e+00  1.97802198e+00  3.24551267e+00  2.86503067e+00
 -1.83029962e-01  5.23044892e+00  3.07333333e+00  6.31806333e+00
  3.57054294e+00  2.75427281e+00  4.31722054e+00  1.75103734e+00
  2.23705722e+00  2.91596625e+00  3.86021505e+00  5.24468085e+00
  2.74230802e+00  3.76047078e+00  4.09442060e+00  3.77815125e+00
  2.11989101e+00  6.34242268e+00  4.35664336e+00  5.89265103e+00
  8.80852012e-01  3.43589744e+00  1.71011737e+00 -4.04255319e-01
  5.13987909e+00  3.97772361e+00  4.66666667e+00  2.57514998e+00
  7.62664827e+00  4.50632911e+00  4.47712125e+00  4.35149978e-01
  6.21484385e+00  2.75747508e+00  4.26888218e+00  3.86332286e+00
  6.72509452e+00  3.27651126e+00  2.01465201e+00  7.75469409e+00
  1.54406804e+00  1.57446809e+00  5.84818912e+00  1.95020747e+00
  5.00000000e+00  6.22911051e+00  8.95976837e+00  3.85498489e+00
  3.19637462e+00  2.07526882e+00  5.77628032e+00  4.30103000e+00
 -9.69100130e-02  4.13978495e+00  6.32911392e+00  1.33538908e-01
  5.71600334e+00  2.72750109e+00  6.98970004e-01  3.63461538e+00
  4.34364261e+00  2.27692308e+00  1.19498980e+00  6.22911051e+00
  3.05882890e+00  4.65801140e+00  3.00664452e+00  4.25033170e+00
  1.24871384e+01  7.50514998e+00  5.15033170e+00  3.99141631e+00
  3.84042553e+00  7.41995575e+00  2.92358804e+00  6.12658228e+00
  1.45033170e+00  5.25527251e+00  7.76595745e+00  3.41389728e+00
  3.72532189e+00  7.11394335e+00  4.00343643e+00  2.37423313e+00
  4.68669528e+00  9.13089987e-01  4.14163090e+00  2.39784946e+00
  4.35193133e+00  2.44141689e+00  4.74914089e+00  8.54936694e-02
  3.70629371e+00  2.74193548e+00  7.15957447e+00  4.14776632e+00
  2.61002892e+00  4.99497335e+00  3.93353474e+00  3.80128205e+00
  4.14089347e+00  7.24551267e+00  6.57978360e+00  4.99122608e+00
  6.19676550e+00  5.59106461e+00  3.06818586e+00  2.57475083e+00
  2.25316456e+00  1.85062241e+00  4.37474835e+00  2.55015283e+00
  3.16012085e+00  3.44666667e+00  3.28971425e-01  5.15533604e+00
  4.67811159e+00  3.92439863e+00  2.87506126e+00  3.82282165e+00
  3.77663230e+00  3.75226586e+00  4.13733906e+00  6.13207547e+00
  2.68711656e+00 -3.16789284e-01  6.22371968e+00  3.53763441e+00
  6.01063830e+00  4.16961896e+00  2.81727575e+00  1.60995851e+00
  5.15228834e+00  2.44715803e+00  4.26282051e+00  4.03625378e+00
 -2.29147988e-01  3.13033377e+00  4.11727130e+00  7.23455672e-01
  3.82371795e+00  2.60004470e+00  4.06085201e+00 -7.55139563e-02
  5.29003461e+00  1.97802198e+00  3.71600334e+00  6.97081161e+00
  5.78604121e+00  2.11394335e+00  7.46239800e+00  4.89690722e+00
  3.67371601e+00 -1.60205999e+00  2.62617556e+00  1.08514998e+00
  6.79239169e+00  5.49136169e+00  3.06976744e+00 -1.58715596e+00
  5.11392405e+00  3.39914163e+00  2.29230769e+00  4.12990937e+00
 -3.01029996e-01 -4.03402904e-01  4.68240343e+00  4.14973348e-01
  4.43616265e+00  3.69957082e+00  4.69527897e+00  2.72033170e+00
  2.00000000e+00  4.35051546e+00  6.38560627e+00  4.48387097e+00
  1.93661302e+00  9.87341772e-01  3.57401813e+00  6.60422605e+00
  5.69897000e+00  3.02284061e+00  5.25767857e+00  4.11394335e+00
  3.14285714e+00  5.15308999e+00  2.24468085e+00  4.42060086e+00
  4.21148036e+00  5.54406804e+00  6.60205999e+00  1.72614108e+00
  2.18076923e+00  1.92081875e+00  4.45360825e+00  1.92081875e+00
  3.15946844e+00  4.04868013e+00  4.67209786e+00  4.02118930e+00
 -1.39794001e+00  6.17026172e+00  4.51890034e+00  1.82278481e+00
  1.69294606e+00  7.17609126e+00  3.22000000e+00  4.12446352e+00
  3.10750309e+00  1.39240506e+00  3.47712125e+00  1.90442834e+00
  3.55333333e+00  6.08990511e+00  7.84810127e-01 -2.53054590e-01
  4.63948498e+00  6.98970004e-01  7.72151899e+00  2.78753601e-01
  8.39794001e+00  2.71734169e+00  5.26582278e+00  5.06429674e+00
  4.09063444e+00  4.28103337e+00  4.13782051e+00  6.17250674e+00
  2.00000000e+00  5.27272727e+00 -5.22444668e-01  3.54078550e+00
  5.41830129e+00  8.37234043e+00  6.15533604e+00  3.73195876e+00
  4.37764350e+00  4.66523605e+00  5.89762709e+00 -9.08256881e-01
  2.01661130e+00  5.14612804e+00  8.59988307e+00  5.31651126e+00
  4.06866953e+00  3.37764350e+00 -4.94850022e-01  3.59935897e+00
  3.34000000e+00  6.13497335e+00  3.28205128e+00  2.20930233e+00
  2.67978669e+00  6.08355795e+00  7.84810127e-01  7.19589965e+00
  3.59656652e+00  5.87331536e+00  6.60205999e+00  3.46538285e+00
  3.59333333e+00  2.01412350e+00  1.38353891e+00  5.81011737e+00
  1.92081875e+00  5.07011737e+00  2.02197802e+00  4.42296073e+00
  2.18846154e+00  5.64147411e+00  4.03780069e+00  3.66523605e+00
  3.35622318e+00  6.31597035e+00  1.31645570e+00  5.18085106e+00
  5.93751789e+00  3.49140893e+00  2.13623978e+00  1.63346846e+00
  3.31645570e+00  7.20411998e+00  4.59106461e+00  3.68669528e+00
  3.93991416e+00  3.31759657e+00  4.48109966e+00  3.52244423e+00
  1.06582278e+01  7.17609126e+00  4.56643357e+00  4.21474359e+00
  1.15597137e+01  3.63519313e+00  3.40497335e+00  3.20512821e+00
  4.42307692e+00  5.62634037e+00  4.53218884e+00  1.02025316e+01
  6.51851394e+00  1.70967742e+00  3.38197425e+00  4.12446352e+00
  1.90331698e-01  5.00000000e+00  2.74233129e+00  4.48840628e+00
  4.01283722e+00  1.55186722e+00  2.87273883e+00  5.81914894e+00
  2.23044892e+00  6.02964960e+00  7.77815125e+00  4.28000000e+00
  6.20682588e+00  2.53133515e+00  5.91434316e+00  1.06382979e-02
  4.00961538e+00  1.94936709e+00  5.86923172e+00  3.89728097e+00
  2.07188201e+00  5.25042000e+00  3.65609820e+00  4.42268041e+00
  1.54430380e+00  3.32628399e+00  1.89743590e+00  4.12658228e+00
  6.22911051e+00  3.30103000e+00  3.83161512e+00  1.49377593e+00
  3.31085201e+00  4.50151057e+00  4.63651126e+00  2.91333333e+00
  2.69897000e+00  2.10769231e+00  3.00432137e+00  3.93706294e+00
  2.01465201e+00  7.08278537e+00  4.03433476e+00  2.06308999e+00
  7.53275438e+00  5.42514998e+00  4.96661099e+00  2.02179837e+00
  2.56863624e+00  2.77501230e+00  3.10271903e+00  3.84509804e+00
  3.49136169e+00  3.78851964e+00  2.98638464e+00  5.49910075e+00
  4.14666667e+00  2.47239264e+00  2.11394335e+00 -3.01029996e-01
 -1.03669725e+00  4.25085911e+00  5.56603774e+00  4.06008584e+00
  6.32120589e-01  3.97583082e+00  2.30353891e+00  2.58038147e+00
  7.51898734e+00  3.72961373e+00  3.47432024e+00  6.37452585e+00
  6.50632911e+00  5.60085201e+00  3.17275748e+00  2.10384615e+00
  7.04532298e+00  2.80368098e+00  4.69957082e+00  3.79381443e+00
  1.85347985e+00  7.80140371e+00  4.57510730e+00  8.39794001e+00
  4.46239800e+00  4.98181861e+00  5.08353891e+00  4.18126888e+00
  4.69527897e+00  4.89690722e+00  5.10720997e+00  3.17021277e+00
  6.79239169e+00  1.23037975e+01 -5.06099934e-02]",5.367008398940703,2021-10-01 14:55:22.157479,"5.98**2 * Matern(length_scale=[0.0494, 0.124, 7.1, 193, 310, 139, 339, 1.36e+03, 7.88e+04, 868, 1e+03, 0.563, 107, 88.8, 0.579, 157, 1.18e+03, 1.48e+03, 1.04, 1.23, 1.24, 1.01, 381, 675, 4.68e+03, 268, 1.23, 94.8, 1.21, 0.608, 1.1, 1.03, 88.4, 0.995, 1.15, 1.04, 1.06, 1.28, 0.978, 1.06, 185, 1.63e+03, 0.893, 1.17, 518, 188, 100, 5.75, 2.14, 48.9, 1.25e+03, 528, 7.07e+03, 2.61e+03, 1.55e+03, 464, 465, 5.85e+03, 1.08e+03, 1.14e+03, 52.7, 1.25e+03, 1.25e+03, 0.79, 154, 446, 1.12e+03, 1.24e+03, 1e+05, 360, 1e+05, 452, 510, 1.55e+04, 480, 923, 1.35e+04, 396, 472, 1.86e+04, 436, 533, 426, 396, 1.26e+03, 1.25e+03, 638, 399, 6.56e+03, 387, 2.08e+03, 214, 1e+05, 1.16, 1.48e+04, 537, 1.24, 889, 7.32e+04, 1.33e+04, 268, 281, 245, 128, 445, 5.6e+03, 0.909, 1.73e+03, 113, 1.64e+03, 581, 10.5, 1.41e+04, 1.2e+04, 256, 18.4, 428, 541, 58.1, 282, 414, 483, 1.25e+03, 663, 2.16e+03, 7.45e+04, 8.16, 1e+05, 1.26e+03, 1.48e+03, 543, 935, 1.09e+04, 3.09, 2.19e+04, 482, 489, 119, 9.03e+03, 717, 3.74, 675, 3.52e+03, 131, 299, 1.02, 377, 199, 61.3, 813, 1.32e+03, 1.12, 1.04e+03, 3.83e+03, 105, 1.3, 5.73e+04, 1e+05, 80.4, 717, 671, 756, 668, 1.26, 0.91, 1.95e+03, 26.1, 43.7, 105, 2.64, 5.53, 903, 680, 7.88, 1.08, 536, 8.11], nu=1.5) + WhiteKernel(noise_level=0.0601)",log10,0.4350431439852972,0.10145573142462738,325279.0241508292,25.47811663073275,0.1471468770407192,0.07050167391581266,0.03707455051543627,0.0003907521244342036,0.02980268901312227,0.011651679291998899,0.7758641889889386,0.031936194250810415,177,544,5,109,435,Melt_Viscosity,1.1112819496487256,0.1716888266660742,0.8808315326944981,0.17870700671996723,0.8,"[ 3.45024349  6.01808029  1.63579957  4.7568386   4.88713598  5.72322612
  3.49195865  5.29214745  7.05308637  6.07514935 -1.31174183  3.80389108
  5.58025718  2.76222475  5.46047128  4.09304744  4.29525755  4.19757331
  4.61519277  0.81091683  3.99729754  3.70246266  8.58762501  5.42129535
  5.6371517   5.2863614   2.60742412 -0.59699004  5.73080608  1.31139728
  7.75578493  6.71410508  2.54099393  3.80257084  3.79149623  2.03731295
  5.58795221  8.59115399  1.43646364  0.21727365  5.42582555  3.72460164
  3.94635429 -1.23365322  2.20190247  3.72124885  4.08234422  7.43525121
  5.88834805  0.06305976  6.07460034  4.66983541  6.87553237  4.32987683
  1.92329658  1.97402348  5.47987858  4.19476721 -1.27934361  2.26610558
  3.79707873  1.15285952  4.18295467  4.16755695  3.80156183 -1.30126234
  2.64408499  3.79675452  2.66659871  2.28527381  4.06746187  4.91282125
  6.19503882  6.38479104  2.2596091   4.63838852  4.39208151  8.73189183
  6.06115248  3.01016152  4.43509483  6.50659722  3.45918492  5.47423339
  2.91930856  4.16126473  5.96700343  5.28029831  3.72872655  0.58425556
  4.8448543   3.7998473   4.20050521  3.43315675  5.15386275  1.77741542
  6.07536161  2.70546306  2.84031793  1.45577256  6.82272443  4.24308099
  0.06705318  4.13009014  3.06675293  2.87581453  4.01424891  1.77058061
  6.60115736]","[0.29280008 0.25730436 0.29834581 0.93331487 1.04617844 0.41237434
 0.58957043 0.33324342 3.55828652 0.25541484 0.26697564 0.27128486
 0.55650236 0.27065188 3.74964205 0.32897561 0.27952971 0.25524929
 0.25724045 0.3250801  0.27965126 0.27955266 0.34661496 1.29124773
 0.26708743 5.11165314 0.26056093 0.26192772 0.33388922 0.25759626
 0.34646474 3.07672383 0.27383546 0.2710043  0.26888761 0.35640077
 4.14274641 0.71421492 0.38540227 0.27220141 1.28475988 0.26102641
 0.26795254 0.26479732 0.33692644 0.32687858 0.25520838 3.11978428
 4.9390548  0.27807272 0.2553976  4.51130476 1.25543395 2.09746233
 0.26712817 0.26019965 0.26662526 0.25521434 0.26599078 1.12154178
 1.0732812  0.37861348 0.29563901 0.29370979 0.27079392 0.26664392
 0.26541768 0.26983985 0.26100389 0.27316771 0.26782248 0.30252388
 2.54889206 0.36789545 0.26917141 0.25522563 0.25645659 0.62542547
 0.25519258 0.28591138 0.25455869 1.02220352 0.2703775  0.51018674
 0.25767631 0.25583206 0.34182548 0.33411054 0.26148526 5.93750511
 4.97243727 0.2704445  0.26819825 0.56396522 1.06719455 0.26601536
 0.2554217  0.26605888 0.25998979 0.28273561 2.83644407 0.27432284
 0.31863472 0.27654924 1.71372679 0.40803268 0.82157512 0.26496484
 0.33520379]","[ 2.7516491   5.18906875  3.0887878   7.59454165  1.2015964   2.48547164
  4.46279473  1.95361483  6.39296919  3.84647107  4.46265236  2.22200739
  3.98286981  3.46204208  3.85010332  4.72601604  5.37653561  4.09351697
  5.73977538  1.99464164  1.92465224  9.23719994  0.39204206  4.64320556
  3.72145402  2.40965266  3.12832373  6.98263427  3.51215357  5.73080608
  3.70383864  5.12894849  7.17433852  1.98461536  3.2735036   2.75978483
 -0.20982983  5.21438208  3.18765962  6.13932512  3.64943356  2.739232
  4.2053857   1.7661222   2.29072636  2.87935995  3.86097957  5.22116413
  2.7905474   3.4731928   4.09045324  3.81026949  2.10043494  6.34812772
  4.41212566  5.8921134   0.94466631  3.55592898  1.78163412 -0.59699004
  5.06168793  3.94806081  4.46214272  3.10984238  7.59454165  4.32972085
  4.19852356  0.7974388   6.22051084  2.91013392  4.18336815  3.84899712
  6.73150718  3.23379594  1.99903936  7.73955817  1.4789698   1.4789698
  5.83230602  1.77884335  5.03432174  6.07527709  8.9466444   3.93804733
  3.11572251  2.03587512  6.03926407  4.19879907 -0.12185073  4.14118624
  6.39546539  0.13915347  5.87309055  2.76691272  0.70816636  3.79139702
  4.45850143  2.27850075  1.11154436  6.0754453   3.05789798  4.65828811
  2.91850562  3.96440973 12.4574953   7.47537817  4.72458317  4.03042878
  3.84899712  7.41405296  2.9170682   6.09944411  1.13874816  6.22780207
  7.75578493  3.40282797  3.72638743  7.0978453   4.1926122   2.40053515
  4.64248306  0.90855001  4.09428635  2.36479821  3.68833944  2.46526627
  4.46249071  0.03473135  3.72578713  2.75288651  7.17364581  4.19613662
  2.63040062  4.806346    4.08000864  3.91236925  4.45148145  7.14934853
  6.57857028  4.46282825  6.07408433  5.5294143   3.07772021  2.89024005
  2.23513235  1.77549238  4.28435668  2.56275644  3.10857955  3.48445835
  0.32040591  5.15701989  4.64185314  4.18895373  2.86611446  3.82680255
  4.40802406  3.94328878  4.09404699  6.07188766  2.72937423 -0.05183398
  6.07493501  3.53505272  5.96700343  4.17343315  2.91357544  1.68591556
  5.21965685  2.44339819  4.03757715  4.01183453 -0.09596369  3.2060968
  4.09428635  0.55041739  3.96753326  2.64237184  4.22270846 -0.26620718
  5.28029831  1.99216884  3.72124885  6.96491315  5.76818219  2.1208207
  7.45544834  4.46275921  3.81700554 -1.36141778  2.6434228   1.42305515
  6.74919456  5.86070193  2.91907014 -1.36101031  5.05745882  3.78200892
  2.28332475  4.16225047 -0.32679638 -0.29734262  4.64293732  0.28105421
  4.46569236  3.71590939  3.80389108  2.71899767  1.99931272  4.19815058
  6.38339285  4.48119888  1.94081839  1.0397603   3.66010627  6.60115736
  5.68958506  3.02770428  5.29214745  4.11427921  2.91939625  5.07595492
  2.34829654  4.59262788  4.04914847  5.49322865  6.59740435  1.75213022
  2.19676063  1.87441186  4.1984636   1.90831938  2.91943282  4.00258786
  4.64353181  4.11521951 -1.30108014  6.16435337  4.46108153  1.80276031
  1.73282675  7.19567539  3.36456745  4.0921139   3.07017546  1.54022828
  3.43691968  1.8914974   3.499771    6.08426408  0.92667805 -0.30777827
  4.64052138  0.72817245  7.82323349  0.39204206  8.38502348  2.71454774
  5.16319387  4.94243081  4.14505482  4.26951982  4.01953159  6.07324544
  1.95361483  5.28026807 -0.35188114  3.6801111   5.38325587  8.3624584
  6.0245705   4.17516543  4.17932827  4.64168153  5.89114189 -1.12802479
  2.00603324  5.09169004  8.58762501  5.35085324  4.08773785  3.42034219
 -0.20069686  3.71757596  3.3193194   5.56003388  3.29772985  2.62109744
  2.69022019  6.06984809  0.98056932  7.17364581  3.61076401  6.05263274
  6.55167032  3.52810351  3.76432     2.65612016  1.26569444  5.95512184
  1.94881306  5.08297358  1.99827204  4.20265841  2.24121256  5.64379946
  4.44496379  3.68902133  3.73591983  6.01425714  1.45265372  5.18906875
  5.9347803   4.13913865  2.16346658  1.63152411  3.01415038  6.22872114
  4.59082431  3.70615317  3.9830738   3.68262749  4.19849404  3.46618976
 10.6318714   7.16905871  4.54009966  4.18184503 11.21879309  3.66015787
  3.13000631  3.16460231  4.22283256  5.63053616  4.62696423 10.21786764
  6.53774301  1.76678091  3.76465268  4.09386412  0.04519915  5.00174653
  2.74780723  4.45166441  4.06336396  1.63782353  2.77421458  5.83230602
  2.34829654  6.06649585  7.80847134  4.14872617  6.2128337   2.49173612
  5.88436556 -0.06961701  4.10143075  1.91864472  5.88549136  4.06924028
  2.15882443  5.22116413  3.71401188  4.19837507  1.61541453  3.33597452
  1.94962344  3.88633434  6.07541302  2.71502836  4.18325021  1.50183735
  3.47332753  4.22665695  4.6752571   2.8769585   2.70546119  2.15265468
  3.04854626  3.93913326  1.99720705  7.07080869  4.05760044  2.42627458
  7.52495496  5.42149476  4.94028179  1.98182269  2.58497514  2.81466697
  2.99530881  3.9158268   3.49290454  3.92157979  3.0339187   5.44436967
  4.11837342  2.58311844  2.21311908 -0.28224945 -1.17445576  4.45592045
  5.98510173  4.07319241  0.47785582  4.05503914  2.10409361  2.50187197
  7.53823689  3.72740026  3.58426923  6.3519634   6.49141071  5.56873958
  2.91945622  2.01978962  7.12467932  2.75374095  4.64290768  4.41853065
  1.84843179  7.78894032  4.63415182  8.39800782  4.4615743   4.97385833
  5.05712513  4.13768321  4.64334384  4.19846444  5.15121811  3.12832373
  6.78703637 12.27349892 -0.06961701]","[0.25994269 0.29524285 0.29904383 0.30015515 0.25876612 0.26730128
 0.25446147 0.27149172 0.34594723 0.2865248  0.25445968 0.26547152
 0.26498393 0.28157041 0.31677762 0.34493972 0.34622788 0.25581269
 0.34327898 0.26182749 0.26509066 0.34356038 0.26823959 0.25541906
 0.26071528 0.26203798 0.29210287 0.34405019 0.27488246 0.33388922
 0.32937572 0.29734776 0.32998989 0.26070181 0.28798246 0.27037302
 0.2898178  0.33613545 0.27219004 0.3063767  0.30349367 0.25767491
 0.26347688 0.2643382  0.26283325 0.26532681 0.34607458 0.29294399
 0.26470192 0.29989758 0.25559836 0.34219278 0.2751437  0.3322985
 0.33602798 0.34294209 0.26953793 0.2689943  0.34220005 0.26192772
 0.28812087 0.34142069 0.2544535  0.2884347  0.30015515 0.26447524
 0.25526416 0.27561869 0.34628456 0.25743531 0.26627514 0.29587342
 0.34606011 0.31541389 0.26252291 0.34634629 0.27225316 0.27225316
 0.30006138 0.26624862 0.34490136 0.25541896 0.34659931 0.26361322
 0.29611848 0.34470427 0.25574402 0.34381728 0.26923036 0.34605809
 0.27148799 0.26340408 0.29435195 0.27210843 0.34012926 0.26223522
 0.2544181  0.27198858 0.30476954 0.25542443 0.27959771 0.34623818
 0.25765405 0.27463196 0.34624282 0.33264083 0.26874366 0.25863459
 0.29587342 0.34657409 0.25761477 0.26881075 0.26899429 0.29833689
 0.34646474 0.27580495 0.26121797 0.32541739 0.25519659 0.30444945
 0.25537642 0.27055008 0.25587231 0.3450287  0.27007868 0.26521872
 0.25445769 0.27981625 0.34351081 0.34585097 0.3001569  0.25522972
 0.2625756  0.29721228 0.2607939  0.26292983 0.2543935  0.28859032
 0.33522962 0.25446189 0.25538202 0.34059036 0.34271398 0.25701115
 0.25660327 0.26570876 0.32323299 0.26626878 0.29611712 0.27229417
 0.27113134 0.33349504 0.25534317 0.25518456 0.26268392 0.34378131
 0.25550806 0.2608706  0.25585351 0.25532263 0.26751387 0.2866518
 0.25540803 0.34641068 0.34182548 0.34617977 0.2575223  0.26071853
 0.3205531  0.34522584 0.2675494  0.26555457 0.26763102 0.30179448
 0.25587231 0.28932164 0.26534838 0.26490798 0.27415449 0.27873728
 0.33411054 0.2614906  0.32687858 0.34654742 0.33419128 0.34533515
 0.34655319 0.25446102 0.26273999 0.26872738 0.26835101 0.30762204
 0.34326859 0.28761348 0.25766968 0.26871177 0.26558038 0.26741161
 0.27281938 0.26221046 0.34351039 0.28991742 0.25540267 0.26808846
 0.34400209 0.26025    0.27128486 0.28294579 0.3462738  0.25525814
 0.34642652 0.34635567 0.26957464 0.26112205 0.26672109 0.33520379
 0.3466183  0.34648213 0.33324342 0.34559772 0.25767875 0.29742524
 0.28055939 0.26368957 0.26699644 0.34382216 0.34644099 0.26266982
 0.26499915 0.27674431 0.25526318 0.2648269  0.25767977 0.34093557
 0.2554399  0.28764988 0.26663827 0.34644254 0.25444158 0.25559424
 0.26110044 0.32694431 0.26664682 0.25570996 0.28101228 0.25609127
 0.34101597 0.26877666 0.27366086 0.34645906 0.26327303 0.2781588
 0.25528492 0.34280822 0.30946616 0.26823959 0.34449472 0.25559371
 0.26579315 0.33269128 0.2655955  0.34471822 0.26660389 0.25535802
 0.27149172 0.34559286 0.27895683 0.26680523 0.33280522 0.34658336
 0.28521445 0.25534398 0.26724764 0.25533475 0.34626682 0.2628122
 0.32537457 0.34246111 0.34661496 0.31419875 0.25543917 0.27683941
 0.27580509 0.26983556 0.3225759  0.28894232 0.28951118 0.26201196
 0.25674275 0.25527747 0.26219281 0.3001569  0.27186492 0.25527766
 0.34374718 0.33810416 0.27785314 0.29762408 0.27262535 0.32891118
 0.27336903 0.32824045 0.26239269 0.26677505 0.26711015 0.34574865
 0.25442196 0.25951539 0.26476128 0.29930032 0.25653162 0.29524285
 0.34641427 0.25728465 0.26883163 0.34548592 0.26039116 0.30081635
 0.34175621 0.25969012 0.27006626 0.27125929 0.25526368 0.30940814
 0.33749305 0.34659181 0.33884468 0.27063084 0.34237605 0.26157421
 0.28559825 0.3177399  0.27298222 0.34604781 0.25561469 0.33556604
 0.31602098 0.34516632 0.26552481 0.2558393  0.26308811 0.34519918
 0.26911082 0.33190258 0.30479663 0.26519329 0.26315161 0.30006138
 0.28055939 0.25522412 0.33690958 0.2915074  0.34504629 0.26806517
 0.34073683 0.26453565 0.26735928 0.25568868 0.3315211  0.26541311
 0.33888175 0.29294399 0.28808117 0.25526174 0.25583208 0.27653732
 0.26165545 0.26358814 0.25542338 0.30065543 0.25521126 0.30289667
 0.27775058 0.26424526 0.30545093 0.32250501 0.34567341 0.2670172
 0.3444834  0.34459268 0.26221818 0.34416671 0.25558589 0.29288749
 0.34659183 0.34537213 0.30404134 0.31655923 0.261804   0.26069151
 0.30721565 0.34105273 0.34456615 0.26251509 0.2803759  0.34348925
 0.28831775 0.26904494 0.34342006 0.3428313  0.26356129 0.25440238
 0.26168472 0.25507499 0.27297901 0.26351004 0.28849622 0.26942605
 0.28943135 0.26133143 0.2669561  0.34598282 0.27293553 0.33724659
 0.25768043 0.297336   0.31280129 0.26971394 0.2554009  0.25504014
 0.30209439 0.34602131 0.25523148 0.3422852  0.33932173 0.3446975
 0.27235578 0.26565364 0.25542777 0.25526319 0.34157623 0.29210287
 0.31434891 0.34605287 0.26453565]"
